건축구분,허가번호,대지위치,지목,대지면적(㎡),건축면적(㎡),연면적(㎡),증축연면적(㎡),구조,주용도,부속용도,설계자 전화번호,설계사무소명
신축,2021-신속허가과-신축허가-16,강원도 원주시 지정면 보통리 59-1,임야,"9,708","2,601.5","2,601.5",,일반철골구조,공장,,043-873-6661,(주)뿌리건축사사무소
증축,2021-신속허가과-증축허가-2,강원도 원주시 문막읍 궁촌리 산 47-5 외81필지,체육용지,"3,162,065","8,098.48","16,406.24","3,438.78",철근콘크리트구조,운동시설,,033-747-1806,태인도시ENC종합건축사사무소
신축,2021-안전도시과-신축허가-6,강원도 원주시 반곡동 2038-12,대,271.8,89.83,142.91,,일반목구조,단독주택,,033-765-7725,건축사사무소길
신축,2021-신속허가과-신축허가-15,강원도 원주시 지정면 신평리 1167-9,대,270.4,122.3,134.1,,철근콘크리트구조,단독주택,단독주택,,건축사사무소 율
신축,2021-신속허가과-신축허가-14,강원도 원주시 흥업면 흥업리 1830-3,대,564.5,327.45,"1,273.55",,철근콘크리트구조,제1종근린생활시설,"제1,2종근린생활시설",033-766-2096,아세아종합건축사사무소
신축,2021-신속허가과-신축허가-13,강원도 원주시 지정면 가곡리 1445-2,대,348,186.05,567.04,,철근콘크리트구조,단독주택,다가구주택 및 근린생활시설,033-748-2526,건축사사무소 도원
신축,2021-신속허가과-공용건축물-1,강원도 원주시 부론면 법천리 1449-2,대,"1,608.38",253.56,253.56,,철근콘크리트구조,제1종근린생활시설,파출소,033-747-0447,동성건축사사무소
증축,2021-신속허가과-증축허가-1,강원도 원주시 단계동 802-4,대,"1,108",543.28,"1,159.28",367.72,철근콘크리트구조,제2종근린생활시설,,033-743-9041,남일건축사사무소
신축,2021-안전도시과-신축허가-2,강원도 원주시 반곡동 1963-23 외1필지,대,752.1,152.17,199.62,,철근콘크리트구조,단독주택,단독주택,033-733-8207,종합건축사사무소 한신
신축,2021-신속허가과-신축허가-11,강원도 원주시 문막읍 동화리 1039-29 외1필지,임야,"1,314",497.025,497.025,,일반철골구조,제1종근린생활시설,소매점,033-765-7283,土宇건축사사무소
신축,2021-신속허가과-신축허가-12,강원도 원주시 태장동 2772-1,대,252,149.38,392.84,,철근콘크리트구조,단독주택,,,건축사사무소 보이드
신축,2021-안전도시과-신축허가-1,강원도 원주시 반곡동 1486 외1필지,창고용지,"1,254",375.76,"1,313.24",,일반철골구조,제1종근린생활시설,"제1,2종근린생활시설",033-761-2600,삼예건축사사무소
용도변경,2021-건축과-용도변경허가-8,강원도 원주시 판부면 서곡리 1122-5,대,483.57,53.78,53.5,,,단독주택,,,건축사사무소 킨즈
신축,2021-신속허가과-신축허가-10,강원도 원주시 지정면 신평리 1069-1,공장용지,"13,983.42","1,324.79","3,974.37",,일반철골구조,공장,공장,033-747-3322,신한건축사사무소
용도변경,2021-건축과-용도변경허가-7,강원도 원주시 문막읍 비두리 1818,대,525,64.8,64.8,,일반목구조,제2종근린생활시설,종교집회장-사당,,신한건축사사무소
신축,2021-신속허가과-신축허가-7,강원도 원주시 학성동 439-5,대,174.1,121.64,465.08,,철근콘크리트구조,단독주택,다중주택,02-534-8868,(주)아키엘로건축사사무소
신축,2021-신속허가과-신축허가-8,강원도 원주시 호저면 만종리 529 외1필지,전,"2,047",486,486,,일반철골구조,노유자시설,근로복지시설,033-747-3322,신한건축사사무소
신축,2021-신속허가과-신축허가-9,강원도 원주시 태장동 847-1 외2필지,전,"1,362",699.8,699.8,,일반철골구조,제2종근린생활시설,수리점,033-744-3313,동서종합 건축사사무소
용도변경,2021-건축과-용도변경허가-6,강원도 원주시 문막읍 동화리 1039,대,"1,238",324,324,,,창고시설,,033-765-7283,土宇건축사사무소
용도변경,2021-건축과-용도변경허가-5,강원도 원주시 부론면 정산리 2061-8,대,638,73.03,73.03,,일반목구조,제1종근린생활시설,사무소,031-269-6244,광장종합건축사사무소
신축,2021-신속허가과-신축허가-6,강원도 원주시 지정면 신평리 451-1 외1필지,목장용지,"1,678",502.67,502.67,,일반철골구조,제2종근린생활시설,제조업소,033-735-1436,(주)윤건축사사무소
신축,2021-신속허가과-신축허가-4,강원도 원주시 소초면 흥양리 산 249,임야,"7,945",824,824,,경량철골구조,제1종근린생활시설,근생시설 및 창고시설,033-747-0447,동성건축사사무소
용도변경,2021-건축과-용도변경허가-4,강원도 원주시 신림면 구학리 450 외1필지,대,880,128.73,128.73,,벽돌구조,제1종근린생활시설,소매점,033-742-4130,건축사사무소 모아
증축,2021-안전도시과-협의건축물-1,강원도 원주시 단구동 1708 외1필지,공원,"54,246","1,026.42","1,051.01",326.43,철근콘크리트구조,제1종근린생활시설,휴게음식점,,건축사사무소 커튼홀
신축,2021-신속허가과-신축허가-3,강원도 원주시 우산동 218-20,답,260,154.56,503.57,,철근콘크리트구조,제2종근린생활시설,다가구주택 및 근린생활시설,033-748-2526,건축사사무소 도원
용도변경,2021-건축과-용도변경허가-3,강원도 원주시 단계동 883-2,대,345,240.06,"1,902.18",,철근콘크리트구조,노유자시설,"제1,2종근린생활시설",033-433-0258,윈 건축사사무소
용도변경,2021-건축과-용도변경허가-2,강원도 원주시 단계동 786-1,대,513.7,290.29,494.49,,철근콘크리트구조,제2종근린생활시설,,033-747-3322,신한건축사사무소
신축,2021-신속허가과-신축허가-2,강원도 원주시 태장동 859-10 외1필지,잡종지,884,225.56,306.16,,일반철골구조,제2종근린생활시설,사무소,033-743-2743,종합건축사사무소 비전
용도변경,2021-건축과-용도변경허가-1,강원도 원주시 일산동 53-20,대,323.7,208.68,427.86,,일반철골구조,제1종근린생활시설,점포 및 사무실,032-556-7334,이기건축사사무소
용도변경,2021-안전도시과-용도변경허가-1,강원도 원주시 단구동 1619-8,대,331,194.9,531.58,,,단독주택,제2종근린생활시설,033-746-0467,조화 건축사사무소
신축,2021-신속허가과-신축허가-1,강원도 원주시 부론면 노림리 1286,답,"3,058","1,828","1,828",,일반철골구조,동.식물관련시설,축사,,건축사사무소섭리
용도변경,2021-건축과-용도변경허가-19,강원도 원주시 무실동 1857-7,대,"2,099.4","1,660.26","10,035.82",,철근콘크리트구조,제1종근린생활시설,"제2종근린생활시설, 업무시설,교육연구시설",033-747-1806,태인도시ENC종합건축사사무소
신축,2021-신속허가과-신축허가-28,강원도 원주시 지정면 월송리 산 121-8,임야,"25,199","7,105.76","9,703.57",,철근콘크리트구조,운동시설,골프장 부대시설 (클럽하우스),,LESS PAD 건축사사무소
신축,2021-신속허가과-신축허가-27,강원도 원주시 문막읍 동화리 713-1 외2필지,전,"2,311",395.28,395.28,,경량철골구조,제2종근린생활시설,"(제조업,사무소)",,조은 건축사사무소
신축,2021-신속허가과-신축허가-25,강원도 원주시 단계동 813-3,대,223.9,124.72,309.78,,철근콘크리트구조,단독주택,제1종근린생활시설 및 다가구주택,033-748-8845,가산종합건축사사무소
신축,2021-신속허가과-신축허가-26,강원도 원주시 무실동 산 49-5 외1필지,임야,"6,531",697.95,941.49,,철근콘크리트구조,단독주택,,033-747-5799,건축사사무소 지인
신축,2021-안전도시과-신축허가-15,강원도 원주시 반곡동 2031-8,대,281.8,99.6,145.54,,철근콘크리트구조,단독주택,,,비케이건축사사무소
신축,2021-안전도시과-신축허가-14,강원도 원주시 반곡동 1956-14,대,330,93.35,140.85,,철근콘크리트구조,단독주택,,033-748-4214,건축사사무소 담아
용도변경,2021-건축과-용도변경허가-18,강원도 원주시 지정면 가곡리 1495-1,대,"1,953.3","1,255.74","14,448.55",,,제1종근린생활시설,"2종 근린생활시설, 업무시설(사무소), 교육연구시설(학원), 운동시설",033-765-9232,주식회사 흙엔지니어링건축사사무소
신축,2021-신속허가과-신축허가-24,강원도 원주시 지정면 간현리 863-12,대,222,129.49,147.45,,철근콘크리트구조,단독주택,"단독주택,제1종근린생활시설",031-761-7207,주식회사 아이씨디건축사사무소
신축,2021-안전도시과-신축허가-13,강원도 원주시 단구동 1485-1,대,414.3,239.01,292.68,,일반철골구조,제2종근린생활시설,"(사무소,창고)",033-433-2611,(주)세움건축사사무소
신축,2021-안전도시과-신축허가-12,강원도 원주시 반곡동 1963-18,대,341.9,125.55,198.64,,철근콘크리트구조,단독주택,단독주택,033-746-3642,한울종합건축사사무소
용도변경,2021-건축과-용도변경허가-15,강원도 원주시 무실동 1857-6,대,"2,049.5","1,586.5","22,364.15",,철근콘크리트구조,업무시설,"업무시설 및 제1,2종근린생활시설",0337656111,건축사사무소조형
용도변경,2021-건축과-용도변경허가-16,강원도 원주시 무실동 1857-6,대,"2,049.5","1,586.5","22,364.15",,철근콘크리트구조,업무시설,"업무시설 및 제1,2종근린생활시설",0337656111,건축사사무소조형
용도변경,2021-건축과-용도변경허가-17,강원도 원주시 무실동 1857-6,대,"2,049.5","1,586.5","22,364.15",,철근콘크리트구조,업무시설,"업무시설 및 제1,2종근린생활시설",0337656111,건축사사무소조형
신축,2021-신속허가과-신축허가-23,강원도 원주시 무실동 138,답,"2,564",507.5,"1,015",,일반철골구조,제1종근린생활시설,"소매점, 사무실",033-256-2994,(주)산이앤씨건축사사무소
용도변경,2021-건축과-용도변경허가-14,강원도 원주시 반곡동 1894-6,대,"30,539.4","13,893.38","62,178.66",,,업무시설,"업무시설, 제1,2종근린생활시설",033-733-8207,종합건축사사무소 한신
신축,2021-신속허가과-신축허가-22,강원도 원주시 부론면 노림리 1296 외1필지,답,"4,036","2,420","2,420",,일반철골구조,동.식물관련시설,"축사,퇴비사",033-748-4214,건축사사무소 담아
신축,2021-신속허가과-공용건축물-4,강원도 원주시 봉산동 902-206 외1필지,대,116,59.81,164.82,,철근콘크리트구조,단독주택,다가구주택,033-744-1120,건축사사무소 아디프
증축,2021-신속허가과-증축허가-4,강원도 원주시 봉산동 902-208,대,185,109.2,298.7,109.2,철근콘크리트구조,제1종근린생활시설,소매점,033-748-7345,계명건축사사무소
용도변경,2021-건축과-용도변경허가-13,강원도 원주시 행구동 1754-2 외6필지,대,"8,299","2,848.27","4,875.535",,,제2종근린생활시설,"판매시설, 사무소, 일반음식점, 의원, 골프연습장",033-748-9658,(주)해인안전진단건축사사무소
신축,2021-신속허가과-신축허가-21,강원도 원주시 신림면 황둔리 426-9,전,"4,560","1,641.72","1,636.92",,일반철골구조,공장,,02-488-5460,아트피아건축사사무소
신축,2021-안전도시과-신축허가-11,강원도 원주시 반곡동 1963-22,대,347.7,152.64,241.14,,철근콘크리트구조,단독주택,단독주택,070-7722-1595,주식회사 삼정건축사사무소
용도변경,2021-건축과-용도변경허가-11,강원도 원주시 지정면 가곡리 1495-1 외1필지,대,"1,953.3","1,255.74","14,448.55",,,제1종근린생활시설,"제2종근린생활시설, 업무시설(사무소), 교육연구시설(학원), 운동시설",033-765-9232,주식회사 흙엔지니어링건축사사무소
용도변경,2021-건축과-용도변경허가-12,강원도 원주시 지정면 가곡리 1495-1,대,"1,953.3","1,255.74","14,448.55",,,제1종근린생활시설,"2종 근린생활시설, 업무시설(사무소), 교육연구시설(학원), 운동시설",033-765-9232,주식회사 흙엔지니어링건축사사무소
증축,2021-신속허가과-공용건축물-3,강원도 원주시 부론면 흥호리 635-6 외2필지,대,"1,366",197.62,233.23,74.06,기타조적구조,야영장시설,관리동,,(주)성우엔지니어링종합건축사사무소
증축,2021-신속허가과-증축허가-3,강원도 원주시 문막읍 반계리 1-4,대,"16,708","4,999.07","6,902.53",776,일반철골구조,창고시설,하역장,02-558-5428,(주)신예이엔씨건축사사무소
용도변경,2021-건축과-용도변경허가-10,강원도 원주시 흥업면 사제리 1118-2,대,512,60,60,,경량철골구조,제1종근린생활시설,제1종근린생활시설,033-761-2600,삼예건축사사무소
신축,2021-안전도시과-신축허가-10,강원도 원주시 관설동 1437,답,632,327.38,963.9,,철근콘크리트구조,제1종근린생활시설,소매점,033-765-7725,건축사사무소길
신축,2021-안전도시과-신축허가-9,강원도 원주시 반곡동 1991-14,대,281.5,159.27,353.58,,철근콘크리트구조,단독주택,다가구주택,033-743-5841,태기건축사사무소
신축,2021-신속허가과-신축허가-20,강원도 원주시 일산동 184-35,대,253.8,141.65,473.07,,철근콘크리트구조,제2종근린생활시설,다가구주택 및 근린생활시설,033-748-2526,건축사사무소 도원
신축,2021-안전도시과-신축허가-7,강원도 원주시 반곡동 2038-5,대,271.7,94.41,150.71,,일반목구조,단독주택,단독주택,033-746-3642,한울종합건축사사무소
신축,2021-안전도시과-신축허가-8,강원도 원주시 반곡동 1963-25,대,344.7,109,172.35,,일반목구조,단독주택,,033-765-7725,건축사사무소길
신축,2021-신속허가과-신축허가-19,강원도 원주시 우산동 297-3,대,"1,393",683,"2,464.17",,철근콘크리트구조,업무시설,오피스텔,042-485-0671,건축사사무소 예당
용도변경,2021-건축과-용도변경허가-9,강원도 원주시 지정면 안창리 700-5,대,555,101.16,101.16,,철근콘크리트구조,제2종근린생활시설,,033-743-9961,건축사사무소 이지
신축,2021-신속허가과-신축허가-18,강원도 원주시 지정면 월송리 산 27-5,임야,"4,772",934.68,"1,518.99",,일반철골구조,제2종근린생활시설,일반음식점,02-421-0152,송현그룹건축사사무소(주)
신축,2021-신속허가과-신축허가-17,강원도 원주시 지정면 판대리 산 117-7,임야,"2,416",526.23,742.22,,철근콘크리트구조,제1종근린생활시설,,033-732-6363,공간건축사사무소
신축,2021-신속허가과-신축허가-45,강원도 원주시 우산동 241-2,대,235,139.28,465.3,,철근콘크리트구조,단독주택,다가구 및 근린생활시설,033-748-2526,건축사사무소 도원
신축,2021-신속허가과-신축허가-46,강원도 원주시 일산동 234-37,대,191.3,113.18,378.44,,철근콘크리트구조,단독주택,근생및다가구주택,033-748-2526,건축사사무소 도원
증축,2021-안전도시과-증축허가-1,강원도 원주시 단구동 724-18 외2필지,대,"1,511",850.74,850.74,704,일반철골구조,운동시설,판매시설,033-746-8564,건축사사무소대원
신축,2021-신속허가과-신축허가-43,강원도 원주시 문막읍 건등리 371-8,전,835,499.21,499.21,,일반철골구조,제2종근린생활시설,사무소,033-743-9041,남일건축사사무소
신축,2021-신속허가과-신축허가-44,강원도 원주시 우산동 241-2,대,251,146.88,406.18,,철근콘크리트구조,단독주택,다가구 및 근린생활시설,033-748-2526,건축사사무소 도원
증축,2021-신속허가과-공용건축물-9,강원도 원주시 무실동 1,대,"109,241.7","10,661.16","50,491.4",160.11,일반철골구조,업무시설,,033-747-1806,태인도시ENC종합건축사사무소
신축,2021-신속허가과-신축허가-41,강원도 원주시 우산동 297-15,대,"1,540.5",923.72,"2,903.35",,철근콘크리트구조,업무시설,오피스텔,031-627-2200,준 건축사사무소 주식회사
신축,2021-신속허가과-신축허가-42,강원도 원주시 소초면 장양리 96-4,전,"1,502",336.6,673.2,,일반철골구조,창고시설,,033-743-9961,건축사사무소 이지
신축,2021-신속허가과-신축허가-40,강원도 원주시 문막읍 문막리 533-2,대,"2,265","1,064.95",991.35,,일반철골구조,제1종근린생활시설,,033-735-6799,대들보 건축사사무소
용도변경,2021-안전도시과-용도변경허가-2,강원도 원주시 단구동 1516-5 외1필지,대,921.2,397.85,"1,302.83",,철근콘크리트구조,업무시설,,033-748-9658,(주)해인안전진단건축사사무소
신축,2021-신속허가과-신축허가-39,강원도 원주시 흥업면 흥업리 63-18,대,359.12,202.26,712.64,,철근콘크리트구조,단독주택,"업무시설,제2종근린생활시설",033-746-8564,건축사사무소대원
증축,2021-신속허가과-증축허가-10,강원도 원주시 흥업면 사제리 1377-1,공장용지,"2,890",828.21,828.21,256.21,경량철골구조,공장,,033-748-0075,건축사사무소조원
신축,2021-신속허가과-신축허가-38,강원도 원주시 소초면 장양리 187-5 외1필지,전,"1,123",411.5,411.5,,일반철골구조,제1종근린생활시설,"소매점, 사무소",,조은 건축사사무소
증축,2021-신속허가과-증축허가-9,강원도 원주시 호저면 만종리 593-12 외1필지,잡종지,"2,213",281.7,528.9,528.9,철근콘크리트구조,제2종근린생활시설,사무소,033-747-0447,동성건축사사무소
용도변경,2021-건축과-용도변경허가-23,강원도 원주시 반곡동 1899-1,대,918.5,617.34,"4,882.86",,철근콘크리트구조,제2종근린생활시설,"제1종근생,노유자시설",033-743-9041,남일건축사사무소
신축,2021-안전도시과-신축허가-20,강원도 원주시 반곡동 2039-8,대,317.3,124.11,198.37,,철근콘크리트구조,단독주택,단독주택,033-744-1120,건축사사무소 아디프
신축,2021-신속허가과-신축허가-36,강원도 원주시 지정면 신평리 1167-1,대,372.7,105.74,172.76,,철근콘크리트구조,단독주택,,033-743-9041,남일건축사사무소
신축,2021-신속허가과-신축허가-37,강원도 원주시 개운동 203-52,대,217,113.58,182.79,,철근콘크리트구조,단독주택,다가구주택(2가구),033-764-8566,라인종합건축사사무소
신축,2021-신속허가과-신축허가-34,강원도 원주시 문막읍 후용리 487-3 외2필지,답,"1,045",207.35,622.05,,철근콘크리트구조,단독주택,제2종근린생활시설,033-743-5841,태기건축사사무소
신축,2021-신속허가과-신축허가-35,강원도 원주시 태장동 2516 외1필지,전,764,198,198,,일반철골구조,창고시설,창고,033-743-5841,태기건축사사무소
신축,2021-안전도시과-신축허가-17,강원도 원주시 반곡동 1939-5,대,281.4,167.48,398.94,,철근콘크리트구조,단독주택,근린생활시설,033-765-7725,건축사사무소길
신축,2021-안전도시과-신축허가-18,강원도 원주시 반곡동 2001-4,대,340.1,102.58,175.63,,일반목구조,단독주택,,033-743-5841,태기건축사사무소
신축,2021-안전도시과-신축허가-19,강원도 원주시 반곡동 2031-15,대,289.1,109.15,149.96,,철근콘크리트구조,단독주택,,,비케이건축사사무소
신축,2021-신속허가과-신축허가-33,강원도 원주시 소초면 평장리 890-6,전,"1,322",330,330,,일반철골구조,제2종근린생활시설,,033-743-9961,건축사사무소 이지
증축,2021-신속허가과-증축허가-7,강원도 원주시 문막읍 반계리 1093-1 외1필지,잡종지,"8,342","4,039","4,580.31",332.12,일반철골구조,창고시설,창고 및 부속사무실,,보이드 건축사사무소
신축,2021-신속허가과-공용건축물-8,강원도 원주시 무실동 산 48-8 외2필지,임야,"9,203","1,452.86","3,678.07",,철근콘크리트구조,운동시설,,070-7609-4353,주식회사 토펙건축사사무소
증축,2021-신속허가과-증축허가-8,강원도 원주시 소초면 수암리 1524,대,"1,410",396.91,595.82,397.82,일반철골구조,제1종근린생활시설,소매점,,건축사사무소 율
용도변경,2021-건축과-용도변경허가-22,강원도 원주시 지정면 가곡리 1350-1,대,"6,804","5,389.92","29,532.87",,철근콘크리트구조,제1종근린생활시설,,033-747-1806,태인도시ENC종합건축사사무소
신축,2021-신속허가과-신축허가-32,강원도 원주시 우산동 275-8,대,506,256.35,711.52,,철근콘크리트구조,단독주택,제2종근린생활시설,033-735-1731,서화건축사사무소
대수선,2021-신속허가과-공용건축물-7,강원도 원주시 명륜동 259,대,"1,715",614.91,"2,511.94",,철근콘크리트구조,교육연구시설,,070-4239-7010,건축사사무소 스튜디오더원
신축,2021-안전도시과-신축허가-16,강원도 원주시 단구동 851-6 외1필지,임야,251,145.36,545.76,,철근콘크리트구조,제1종근린생활시설,"소매점,제2종근린생활시설(사무소),단독주택",,건축사사무소 보이드
용도변경,2021-건축과-용도변경허가-21,강원도 원주시 우산동 124-11,대,377.1,255.758,484.158,,,제2종근린생활시설,"점포,사무소,일반음식점",033-746-0467,조화 건축사사무소
신축,2021-신속허가과-신축허가-29,강원도 원주시 우산동 297-13,대,661.2,321.17,"1,165.276",,철근콘크리트구조,업무시설,오피스텔,042-485-0671,건축사사무소 예당
신축,2021-신속허가과-신축허가-30,강원도 원주시 무실동 1083,전,596,118,160.5,,철근콘크리트구조,단독주택,,033-747-5077,주식회사건축사사무소이노
신축,2021-신속허가과-신축허가-31,강원도 원주시 태장동 543-8 외1필지,대,"1,298",682.41,677.16,,일반철골구조,제1종근린생활시설,제2종근린생활시설,033-746-0467,조화 건축사사무소
증축,2021-신속허가과-증축허가-5,강원도 원주시 소초면 흥양리 87 외1필지,공장용지,"18,932","1,401.48","1,574.16",902.28,일반철골구조,공장,,033-735-1436,(주)윤건축사사무소
증축,2021-신속허가과-증축허가-6,강원도 원주시 문막읍 반계리 2224,공장용지,"3,317.8","1,105.83","4,998.09","3,345.6",일반철골구조,공장,공장,,율건축사사무소
용도변경,2021-건축과-용도변경허가-20,강원도 원주시 흥업면 대안리 2160-10,대,643,74.93,74.93,,경량철골구조,단독주택,,033-744-0240,이레건축사사무소
증축,2021-신속허가과-증축허가-15,강원도 원주시 행구동 200-22,대,"1,271",507.47,"1,045.13",203.67,일반철골구조,제2종근린생활시설,일반음식점,033-731-0472,예상건축사사무소
신축,2021-신속허가과-신축허가-68,강원도 원주시 가현동 693-3 외4필지,전,"3,955","1,425","1,425",,일반철골구조,창고시설,창고시설,033-743-2743,종합건축사사무소 비전
신축,2021-신속허가과-신축허가-69,강원도 원주시 단계동 1194-6,대,387.6,180.91,709.75,,철근콘크리트구조,단독주택,"사무소,다가구",033-743-9041,남일건축사사무소
대수선,2021-신속허가과-대수선허가-2,강원도 원주시 문막읍 문막리 262,대,336,211.22,663.3,,철근콘크리트구조,단독주택,다가구-3,033)765-6111,건축사사무소조형
신축,2021-신속허가과-신축허가-65,강원도 원주시 부론면 노림리 1284,답,"3,924","2,196","2,196",,일반철골구조,동.식물관련시설,동.식물관련시설,033-731-5084,성호건축사사무소
신축,2021-신속허가과-신축허가-66,강원도 원주시 태장동 2305-7 외4필지,임야,"4,287",795.95,"4,397.05",,철근콘크리트구조,자동차관련시설,바.정비공장,051-241-6017,홍익건축사사무소(유)
신축,2021-신속허가과-신축허가-67,강원도 원주시 태장동 1547-5 외2필지,잡종지,"2,462",465.34,465.34,,일반철골구조,창고시설,,033-763-2170,건축사사무소예림
용도변경,2021-건축과-용도변경허가-29,강원도 원주시 반곡동 1860-8,대,"8,538.1","3,283.36","11,239.86",,,의료시설,병원,033-766-7079,가나건축사사무소
신축,2021-신속허가과-신축허가-64,강원도 원주시 단계동 558-1,대,866,162,162,,일반철골구조,제2종근린생활시설,사무소,033-747-0447,동성건축사사무소
신축,2021-신속허가과-신축허가-62,강원도 원주시 행구동 153-3 외1필지,대,883,204.7,292.8,,철근콘크리트구조,제1종근린생활시설,"제2종근린생활시설,단독주택",033-765-7725,건축사사무소길
신축,2021-신속허가과-신축허가-63,강원도 원주시 소초면 교항리 1096,답,"1,210",285,481.76,,일반철골구조,제2종근린생활시설,제조업소,033-743-2743,종합건축사사무소 비전
용도변경,2021-건축과-용도변경허가-28,강원도 원주시 무실동 1722-7,대,742.2,544.77,"1,970.81",,철근콘크리트구조,공동주택,"제1,2종근린생활시설,노유자시설",033-743-9961,건축사사무소 이지
용도변경,2021-안전도시과-용도변경허가-3,강원도 원주시 반곡동 1452,대,472,280.78,"1,190.327",,철근콘크리트구조,교육연구시설,"제1,2종근린생활시설",033-746-3642,한울종합건축사사무소
신축,2021-신속허가과-신축허가-61,강원도 원주시 태장동 1042-6 외2필지,대,"3,369",702.12,702.12,,철근콘크리트구조,단독주택,,033-743-2743,종합건축사사무소 비전
대수선,2021-신속허가과-대수선허가-1,강원도 원주시 문막읍 동화리 141,공장용지,"3,792",893.38,991.88,,일반철골구조,공장,"콘크리트타일,벽돌,블록제조업",070-4239-7009,건축사사무소 스튜디오더원
증축,2021-신속허가과-증축허가-14,강원도 원주시 문막읍 동화리 190-1 외1필지,대,816,270.66,270.66,150.2,경량철골구조,단독주택,,033-743-5841,태기건축사사무소
용도변경,2021-건축과-용도변경허가-27,강원도 원주시 지정면 간현리 855-7,대,154,52.36,52.36,,벽돌구조,제2종근린생활시설,,02-449-9106,다원건축사사무소
신축,2021-신속허가과-신축허가-60,강원도 원주시 지정면 신평리 1133-6,대,280.4,167.63,340.84,,철근콘크리트구조,단독주택,"단독주택, 제1,2종근린생황시설",,건축사사무소 보이드
신축,2021-신속허가과-신축허가-58,강원도 원주시 지정면 신평리 1131-27,대,232.1,127.98,296.13,,철근콘크리트구조,단독주택,단독주택,,예림건축사사무소
신축,2021-신속허가과-신축허가-59,강원도 원주시 귀래면 운남리 966-4,전,841,191.65,191.65,,일반철골구조,제2종근린생활시설,제조업소,033-763-4568,건축사사무소 수목
용도변경,2021-건축과-용도변경허가-26,강원도 원주시 관설동 1399-25,대,"1,601",679.34,"3,567.23",,철근콘크리트구조,제1종근린생활시설,"소매점,휴게음식점,일반음식점,한방병원",033-747-0447,동성건축사사무소
신축,2021-신속허가과-신축허가-56,강원도 원주시 신림면 신림리 700-5,대,350,109.89,162.99,,철근콘크리트구조,제1종근린생활시설,한의원,,류와 건축사사무소
신축,2021-신속허가과-신축허가-57,강원도 원주시 봉산동 472-41,임야,554,151.8,309.75,,철근콘크리트구조,단독주택,,033-748-2526,건축사사무소 도원
신축,2021-신속허가과-협의건축물-1,강원도 원주시 호저면 주산리 928 외1필지,잡종지,"3,545",499.66,499.66,,일반철골구조,제2종근린생활시설,사무소,033-766-3400,도시공간안전진단건축사사무소(주)
증축,2021-신속허가과-증축허가-13,강원도 원주시 호저면 광격리 420,답,"2,820","1,146.67","1,146.67",480,일반철골구조,동.식물관련시설,동.식물관련시설,033-344-6924,신원 건축사사무소
신축,2021-신속허가과-신축허가-54,강원도 원주시 흥업면 흥업리 950-4 외1필지,대,186.69,110.14,110.14,,일반철골구조,제1종근린생활시설,소매점,02-508-8685,건축사사무소 마음
용도변경,2021-건축과-용도변경허가-25,강원도 원주시 흥업면 흥업리 65-12 외1필지,대,513,350.06,"1,626.27",,,제2종근린생활시설,"제1종근린생활시설,다가구주택",033-735-3546,도시그룹김광수종합건축사사무소
신축,2021-신속허가과-신축허가-52,강원도 원주시 신림면 신림리 158-46,전,900,154.99,448.05,,철근콘크리트구조,단독주택,,,주식회사 단감건축사사무소
신축,2021-신속허가과-신축허가-53,강원도 원주시 지정면 가곡리 1344-1,대,"1,518.4","1,165.6","6,858.15",,철근콘크리트구조,제1종근린생활시설,"제2종근린생활시설, 주차장",,비케이건축사사무소
신축,2021-신속허가과-신축허가-51,강원도 원주시 소초면 수암리 1603-4,목장용지,"2,944",495,495,,경량철골구조,제1종근린생활시설,소매점,033-747-1806,태인도시ENC종합건축사사무소
신축,2021-신속허가과-신축허가-48,강원도 원주시 호저면 만종리 773 외2필지,답,"1,648",594.3,594.3,,일반철골구조,창고시설,,033-743-2743,종합건축사사무소 비전
신축,2021-신속허가과-신축허가-49,강원도 원주시 문막읍 동화리 608-54,전,835,231.4,311.4,,일반철골구조,단독주택,단독주택,033-761-2600,삼예건축사사무소
증축,2021-신속허가과-증축허가-12,강원도 원주시 행구동 1106-3,대,729,262.98,394.5,133.02,철근콘크리트구조,단독주택,(창고),033-743-7711,(주)종합건축사사무소 가우헌
용도변경,2021-건축과-용도변경허가-24,강원도 원주시 행구동 193-2 외1필지,대,668,243.5,396.85,,일반철골구조,제2종근린생활시설,,033-748-9658,(주)해인안전진단건축사사무소
신축,2021-신속허가과-신축허가-47,강원도 원주시 행구동 53-1,과수원,"1,038",347.52,794.04,,철근콘크리트구조,제2종근린생활시설,공연장,033-747-0447,동성건축사사무소
증축,2021-신속허가과-증축허가-11,강원도 원주시 소초면 장양리 1317-6 외1필지,공장용지,"1,736",900.1,"1,031.3",350.35,조립식판넬조,공장,부속창고,033-765-9232,주식회사 흙엔지니어링건축사사무소
증축,2021-신속허가과-증축허가-17,강원도 원주시 태장동 859-10 외1필지,대,884,346.3,426.9,120,일반철골구조,제2종근린생활시설,"사무소, 수리점",033-743-2743,종합건축사사무소 비전
용도변경,2021-건축과-용도변경허가-34,강원도 원주시 태장동 809-10,대,106,44.31,44.31,,기타강구조,제1종근린생활시설,미용원,033-735-3546,도시그룹이종근종합건축사사무소
용도변경,2021-건축과-용도변경허가-35,강원도 원주시 단계동 533-6 외1필지,대,526,104.76,389.03,,철근콘크리트구조,단독주택,"다가구주택,1종근린생활시설",033-765-7283,土宇건축사사무소
신축,2021-신속허가과-신축허가-89,강원도 원주시 태장동 797-3,잡종지,522,201,201,,경량철골구조,제2종근린생활시설,(수리점),033-764-8566,라인종합건축사사무소
신축,2021-신속허가과-신축허가-90,강원도 원주시 봉산동 366 외2필지,답,"3,427",580.8,"1,110.83",,일반철골구조,제2종근린생활시설,제조업소,033-732-9485,(주)종합건축사사무소 이서건축
용도변경,2021-안전도시과-용도변경허가-4,강원도 원주시 단구동 74-20,대,146,84.24,84.24,,경량철골구조,제1종근린생활시설,,033-746-3642,한울종합건축사사무소
신축,2021-신속허가과-신축허가-88,강원도 원주시 태장동 산 131-1 외1필지,임야,"2,593",268.6,268.6,,기타강구조,제1종근린생활시설,휴게음식점,,프라임건축사사무소
신축,2021-안전도시과-신축허가-28,강원도 원주시 반곡동 2066-9,대,264.1,141.31,175.51,,철근콘크리트구조,단독주택,,031-852-6818,주식회사제이에스디자인건축사사무소
신축,2021-안전도시과-신축허가-27,강원도 원주시 반곡동 2033-8,대,286.2,112.28,185.72,,철근콘크리트구조,단독주택,단독,,비케이건축사사무소
신축,2021-신속허가과-신축허가-87,강원도 원주시 판부면 서곡리 산 7-43,임야,"1,048",173.5,167.3,,경량철골구조,단독주택,단독주택,033-344-0037,가인건축사사무소
증축,2021-신속허가과-증축허가-16,강원도 원주시 무실동 1217-11 외1필지,대,"1,749",324,324,60,일반철골구조,창고시설,"농업용창고,사무실",033-747-0447,동성건축사사무소
신축,2021-신속허가과-신축허가-85,강원도 원주시 반곡동 2042-8 외3필지,대,"15,200.9","7,928.6","31,036.76",,철근콘크리트구조,업무시설,,02-3438-2295,(주)해안종합건축사사무소
신축,2021-신속허가과-신축허가-86,강원도 원주시 지정면 가곡리 1561-10,대,388.1,229.05,479.97,,철근콘크리트구조,단독주택,제2종근린생활시설(일반음식점),033-747-5799,건축사사무소 지인
신축,2021-신속허가과-신축허가-83,강원도 원주시 지정면 가곡리 1438-8,대,361.6,214.32,588.32,,철근콘크리트구조,단독주택,다가구주택,,율건축사사무소
용도변경,2021-건축과-용도변경허가-33,강원도 원주시 행구동 1836-21,대,382,139.43,195.41,,,제2종근린생활시설,"사무소,단독주택",033-746-0467,조화 건축사사무소
신축,2021-안전도시과-신축허가-26,강원도 원주시 반곡동 1963-41,대,398.4,99.54,152.34,,철근콘크리트구조,단독주택,,033-744-9071,백강욱 건축사사무소
신축,2021-신속허가과-신축허가-80,강원도 원주시 학성동 581-1 외3필지,답,"1,322",259.2,"1,036.8",,일반철골구조,자동차관련시설,정비공장,033-765-9232,주식회사 흙엔지니어링건축사사무소
신축,2021-신속허가과-신축허가-81,강원도 원주시 태장동 577-29,답,498,158.1,155,,일반철골구조,제2종근린생활시설,수리점(자동차수리점),033-747-0447,동성건축사사무소
증축,2021-신속허가과-공용건축물-12,강원도 원주시 흥업면 흥업리 1576-7,잡종지,"2,500",875.03,875.03,385.51,철근콘크리트구조,제2종근린생활시설,"(제조업소,교육연구시설-연구소)",033-732-6885,건축사사무소 아키현
용도변경,2021-건축과-용도변경허가-31,강원도 원주시 지정면 가곡리 1345-6,대,"1,408","1,124.8","7,560.17",,철근콘크리트구조,제2종근린생활시설,일반음식점,033-732-9485,(주)종합건축사사무소이서건축
용도변경,2021-건축과-용도변경허가-32,강원도 원주시 일산동 53-7 외1필지,대,298.5,177.63,597.08,,,제2종근린생활시설,"사무소,일반음식점,노래연습장",033-746-0467,조화 건축사사무소
신축,2021-신속허가과-신축허가-79,강원도 원주시 흥업면 대안리 286 외1필지,대,"2,189",493.29,493.29,,일반철골구조,제2종근린생활시설,테니스장 및 화장실,033-747-5077,주식회사건축사사무소이노
신축,2021-안전도시과-신축허가-24,강원도 원주시 관설동 558,전,"2,989",378.67,599.535,,일반철골구조,제1종근린생활시설,휴게음식점,033-765-7283,土宇건축사사무소
용도변경,2021-건축과-용도변경허가-30,강원도 원주시 무실동 1855-1,대,"1,557.5","1,203.7","8,838.21",,철근콘크리트구조,제1종근린생활시설,"제1,2종 근린생활시설, 업무시설",033-747-1806,태인도시ENC종합건축사사무소
신축,2021-신속허가과-신축허가-75,강원도 원주시 태장동 1948,답,"4,387",877.27,"1,498.99",,일반철골구조,제1종근린생활시설,,033-732-6363,공간건축사사무소
신축,2021-신속허가과-신축허가-76,강원도 원주시 문막읍 건등리 338-5,전,963,198.88,198.88,,일반철골구조,제1종근린생활시설,소매점,033-748-4214,건축사사무소 담아
신축,2021-신속허가과-신축허가-77,강원도 원주시 행구동 1767-1 외2필지,대,"3,790",899,"1,787.8",,일반철골구조,제1종근린생활시설,"소매점,휴게음식점",,건축사사무소 텐
신축,2021-신속허가과-신축허가-78,강원도 원주시 행구동 1767-7 외2필지,과수원,"3,484",665.04,"1,324.38",,일반철골구조,제1종근린생활시설,"소매점, 사무소",,건축사사무소 텐
신축,2021-안전도시과-신축허가-23,강원도 원주시 반곡동 2033-18,대,287.1,114.57,175.05,,철근콘크리트구조,단독주택,단독주택,,준 아키텍츠 건축사사무소
신축,2021-신속허가과-신축허가-73,강원도 원주시 학성동 10-2 외3필지,답,"3,842",480,480,,경량철골구조,제1종근린생활시설,소매점,0337476390,(주)기림건축사사무소
신축,2021-신속허가과-신축허가-74,강원도 원주시 태장동 산 97,임야,"1,407",137.76,137.76,,경량철골구조,제1종근린생활시설,,033-765-9232,주식회사 흙엔지니어링건축사사무소
개축,2021-신속허가과-개축허가-1,강원도 원주시 호저면 광격리 458 외2필지,목장용지,"2,393",892.26,957.19,,일반철골구조,동.식물관련시설,동.식물관련시설,033-344-6924,신원 건축사사무소
신축,2021-안전도시과-신축허가-22,강원도 원주시 관설동 625-1,대,281,148.84,198.05,,일반철골구조,제2종근린생활시설,수리점,,비케이건축사사무소
신축,2021-신속허가과-공용건축물-11,강원도 원주시 지정면 가곡리 1530-2,대,"3,015.7","1,654.91","2,876.31",,철근콘크리트구조,교육연구시설,도서관,,주식회사 월드에이앤디건축사사무소
신축,2021-안전도시과-신축허가-21,강원도 원주시 관설동 625-8,대,270,156.66,198.97,,철근콘크리트구조,단독주택,1종근린생활시설(소매점),033-765-7283,土宇건축사사무소
신축,2021-신속허가과-신축허가-71,강원도 원주시 학성동 978-13,대,"1,494",687.57,"2,905.41",,일반철골구조,판매시설,상점,031-206-4903,두리방 건축사사무소
신축,2021-신속허가과-신축허가-72,강원도 원주시 흥업면 흥업리 562-1 외1필지,답,"2,636",975.78,"1,643.24",,철근콘크리트구조,제1종근린생활시설,소매점,033-743-5841,태기건축사사무소
신축,2021-신속허가과-신축허가-70,강원도 원주시 태장동 987-2 외2필지,답,"2,857",397.8,998.01,,일반철골구조,제2종근린생활시설,일반음식점,033)765-6111,건축사사무소조형
신축,2021-신속허가과-공용건축물-15,강원도 원주시 봉산동 902-210 외2필지,대,402.4,228.27,497.26,,철근콘크리트구조,제2종근린생활시설,사무소,,예림건축사사무소
신축,2021-신속허가과-신축허가-109,강원도 원주시 문막읍 반계리 2262-11,전,"6,372.8",640.8,735.6,,일반철골구조,공장,,,희래건축사사무소
신축,2021-안전도시과-신축허가-41,강원도 원주시 반곡동 2015-7,대,299.9,119.86,177.11,,철근콘크리트구조,단독주택,,02-577-3211,아이에스엠 아키텍츠 건축사사무소
신축,2021-안전도시과-신축허가-42,강원도 원주시 반곡동 2001-25 외1필지,대,595.9,233.98,327.49,,철근콘크리트구조,단독주택,,02-577-3211,아이에스엠 아키텍츠 건축사사무소
용도변경,2021-안전도시과-용도변경허가-5,강원도 원주시 단구동 1631-3,대,219.7,127.68,255.36,,철근콘크리트구조,제2종근린생활시설,단독주택,033-746-3642,한울종합건축사사무소
증축,2021-신속허가과-증축허가-23,강원도 원주시 지정면 신평리 1076,대,"15,129.1","4,943.08","7,088.3",931.53,철근콘크리트구조,발전시설,복합건물,033-766-3400,도시공간안전진단건축사사무소(주)
신축,2021-신속허가과-신축허가-107,강원도 원주시 가현동 451,전,"1,924",495.1,491.9,,일반철골구조,제2종근린생활시설,제조업소,033-742-0522,대산 건축사 사무소
신축,2021-신속허가과-신축허가-108,강원도 원주시 반곡동 1574-1 외1필지,대,"1,500",742.968,"2,747.5873",,철근콘크리트구조,공동주택,단지형연립주택,042-485-0671,건축사사무소 예당
신축,2021-안전도시과-신축허가-38,강원도 원주시 단구동 140-19 외1필지,대,259,124.6,442.32,,철근콘크리트구조,제2종근린생활시설,"(사무소),단독주택",,비케이건축사사무소
신축,2021-안전도시과-신축허가-39,강원도 원주시 반곡동 2039-16,대,317.2,126.85,199.21,,일반목구조,단독주택,,,(주)온유건축사사무소
신축,2021-안전도시과-신축허가-40,강원도 원주시 반곡동 2036-10,대,380.7,151.23,298.33,,철근콘크리트구조,단독주택,,02-586-3349,우림에스제이건축사사무소(주)
신축,2021-신속허가과-신축허가-106,강원도 원주시 지정면 가곡리 1348-9,대,"1,088.7",805.38,"6,153.68",,철근콘크리트구조,업무시설,오피스텔,033-747-1806,태인도시ENC종합건축사사무소
신축,2021-신속허가과-신축허가-105,강원도 원주시 소초면 흥양리 1659 외2필지,대,"1,472",499.5,999,,일반철골구조,제1종근린생활시설,"소매점,의원,일반음식점, 사무소",033-748-7345,계명건축사사무소
신축,2021-신속허가과-신축허가-103,강원도 원주시 귀래면 운남리 1005,답,927,198.26,396.52,,일반철골구조,제2종근린생활시설,사무소,,예림건축사사무소
신축,2021-신속허가과-신축허가-104,강원도 원주시 가현동 133-3 외2필지,대,167.9,95.77,166.27,,철근콘크리트구조,단독주택,단독주택,033-747-3322,신한건축사사무소
신축,2021-신속허가과-신축허가-102,강원도 원주시 태장동 2770-4,대,251,138.24,367.95,,철근콘크리트구조,단독주택,다가구주택(2가구),033-747-5077,주식회사건축사사무소이노
신축,2021-안전도시과-신축허가-37,강원도 원주시 반곡동 1995-1,대,330,118.76,196.66,,철근콘크리트구조,단독주택,,033-747-5799,건축사사무소 지인
신축,2021-신속허가과-신축허가-101,강원도 원주시 행구동 산 178-12 외1필지,임야,730,225.96,729.66,,철근콘크리트구조,제2종근린생활시설,제2종근린생활시설 및 다가구주택,043-855-1555,(주)건축사사무소공감
신축,2021-안전도시과-신축허가-35,강원도 원주시 반곡동 1746-3,대,465,92.52,149.08,,철근콘크리트구조,단독주택,,033-747-5799,건축사사무소 지인
증축,2021-신속허가과-증축허가-21,강원도 원주시 문막읍 후용리 1460,답,"3,901","1,671.19","1,671.19",254,일반철골구조,동.식물관련시설,축사(우사),033-747-0460,숲도시건축사사무소
증축,2021-신속허가과-증축허가-22,강원도 원주시 학성동 1020-11,대,159,50.51,117.65,49.89,일반철골구조,단독주택,단독주택,,예촌건축사사무소
신축,2021-신속허가과-신축허가-100,강원도 원주시 문막읍 후용리 1043 외2필지,답,"5,526","3,292.8","3,292.8",,일반철골구조,동.식물관련시설,축사,,주식회사건축사사무소이노
신축,2021-안전도시과-신축허가-34,강원도 원주시 단구동 571-17,대,457,184.68,664.32,,철근콘크리트구조,제2종근린생활시설,"(사무소),단독(다가구)주택",,비케이건축사사무소
신축,2021-신속허가과-신축허가-99,강원도 원주시 태장동 2757-9,대,269,161.19,443.83,,철근콘크리트구조,단독주택,,033-747-5077,주식회사건축사사무소이노
증축,2021-신속허가과-증축허가-19,강원도 원주시 무실동 1871-1,대,"2,250.3",913.19,"1,718.16","1,157.7",일반철골구조,종교시설,,033-746-0467,조화 건축사사무소
증축,2021-신속허가과-증축허가-20,강원도 원주시 흥업면 흥업리 659 외4필지,대,"1,676",323.94,424,139.76,경량철골구조,단독주택,,033-731-0854,건축사사무소 한
용도변경,2021-건축과-용도변경허가-37,강원도 원주시 태장동 1357-11,대,365,173.6,186.8,,벽돌구조,단독주택,,,건축사사무소섭리
신축,2021-신속허가과-신축허가-97,강원도 원주시 문막읍 후용리 1108,답,"3,154","1,873","1,873",,일반철골구조,동.식물관련시설,(우사),033-765-7725,건축사사무소길
신축,2021-신속허가과-신축허가-96,강원도 원주시 호저면 용곡리 541-2 외1필지,대,664,203.81,288.9,,철근콘크리트구조,제1종근린생활시설,,033-743-9961,건축사사무소이지
증축,2021-신속허가과-증축허가-18,강원도 원주시 소초면 교항리 505-2 외2필지,전,"8,270.89","1,323.6","1,719.6",240,강파이프구조,동.식물관련시설,축사,033-748-4214,건축사사무소 담아
신축,2021-신속허가과-신축허가-94,강원도 원주시 판부면 서곡리 산 7-18,임야,462,92.01,188.22,,철근콘크리트구조,단독주택,,033-343-2003,건축사사무소 동아건축
신축,2021-신속허가과-신축허가-95,강원도 원주시 반곡동 1493-1 외1필지,전,"3,920","1,061.71","3,849.45",,철근콘크리트구조,종교시설,,,(주)터간종합건축사사무소
신축,2021-신속허가과-공용건축물-14,강원도 원주시 학성동 1012-5 외1필지,대,221,122.05,122.05,,철근콘크리트구조,단독주택,노인복지시설,033-734-3938,MS도시 건축사사무소
신축,2021-안전도시과-신축허가-31,강원도 원주시 단구동 190-6,대,274,157.07,402.15,,일반철골구조,제2종근린생활시설,사무소,033-747-1806,태인도시ENC종합건축사사무소
신축,2021-안전도시과-신축허가-32,강원도 원주시 반곡동 2011-8,대,330.3,131.87,177.5,,철근콘크리트구조,단독주택,,02-3144-1133,(주) 건축사사무소 코비
신축,2021-신속허가과-신축허가-93,강원도 원주시 지정면 신평리 1106-3,공장용지,"14,090.9","3,429.52","6,409.85",,기타콘크리트구조,공장,,02-522-3883,(주)글로벌에이앤씨건축사사무소
용도변경,2021-건축과-용도변경허가-36,강원도 원주시 무실동 1857-15,대,804.1,558.6,"4,418.59",,철근콘크리트구조,제1종근린생활시설,교육연구시설,033-748-2526,건축사사무소 도원
신축,2021-신속허가과-신축허가-91,강원도 원주시 판부면 서곡리 2035-1,대,389.9,132.44,182.39,,일반목구조,단독주택,,033-765-7725,건축사사무소길
신축,2021-신속허가과-신축허가-92,강원도 원주시 지정면 신평리 1133-11,대,272.6,161.44,478.62,,철근콘크리트구조,단독주택,근린생활시설 및 다가구주택,,건축사사무소 아키진
증축,2021-신속허가과-증축허가-29,강원도 원주시 행구동 183 외2필지,대,"1,492",587.73,"1,753.38",147.23,철근콘크리트구조,노유자시설,노인요양시설,033-735-1436,(주)윤건축사사무소
신축,2021-신속허가과-신축허가-135,강원도 원주시 문막읍 포진리 366-2 외1필지,답,989,197.56,447.71,,철근콘크리트구조,단독주택,제2종근린생활시설(사무소),,비케이건축사사무소
신축,2021-신속허가과-신축허가-136,강원도 원주시 지정면 간현리 34 외1필지,전,"4,881",959.54,959.54,,일반철골구조,제2종근린생활시설,,033-735-1436,(주)윤건축사사무소
증축,2021-안전도시과-증축허가-3,강원도 원주시 단구동 840-2 외6필지,창고용지,"8,037","1,712.62","2,807.31","1,769.38",일반철골구조,운동시설,"(실내골프연습장),제1,2종근린생활시설(일반음식점,사무소)",,비케이건축사사무소
용도변경,2021-안전도시과-용도변경허가-6,강원도 원주시 관설동 677-7,대,302,87,87,,경량철골구조,창고시설,창고,033-747-5077,주식회사건축사사무소이노
용도변경,2021-건축과-용도변경허가-40,강원도 원주시 신림면 성남리 894,대,660,83.04,104.02,,일반목구조,야영장시설,관리동,033-746-0617,도시그룹김종길종합건축사사무소
신축,2021-신속허가과-신축허가-134,강원도 원주시 흥업면 흥업리 724-27,임야,"3,190",334,334,,경량철골구조,제2종근린생활시설,"일반음식점,사무소,창고",033-747-0447,동성건축사사무소
신축,2021-신속허가과-신축허가-132,강원도 원주시 문막읍 궁촌리 102 외3필지,임야,"1,372",297.04,293.57,,일반철골구조,제2종근린생활시설,사무소 및 창고,033-747-1806,태인도시ENC종합건축사사무소
신축,2021-신속허가과-신축허가-133,강원도 원주시 문막읍 반계리 199-50,임야,"1,227",496.8,496.8,,일반철골구조,창고시설,농산물저온저장고,033-742-4130,건축사사무소 모아
신축,2021-신속허가과-신축허가-130,강원도 원주시 지정면 신평리 1200-1,대,295.4,176.42,499.62,,철근콘크리트구조,단독주택,다가구주택,033-747-1806,태인도시ENC종합건축사사무소
신축,2021-신속허가과-신축허가-131,강원도 원주시 문막읍 동화리 1039-11 외3필지,임야,"15,789","1,903.08","1,906.54",,일반철골구조,공장,공장시설,032-427-0955,(주)머지건축사사무소
용도변경,2021-건축과-용도변경허가-39,강원도 원주시 흥업면 사제리 1104,대,170,67.59,67.59,,경량철골구조,제2종근린생활시설,사무소,033-743-9041,남일건축사사무소
신축,2021-신속허가과-신축허가-129,강원도 원주시 태장동 2800,대,915.8,546.04,"2,632.75",,철근콘크리트구조,종교시설,,02-561-6197,(주)예인피앤에이치건축사사무소
신축,2021-신속허가과-신축허가-128,강원도 원주시 태장동 946-5,대,992,409.77,990.84,,일반철골구조,제1종근린생활시설,소매점,033-748-0075,건축사사무소조원
신축,2021-신속허가과-신축허가-127,강원도 원주시 지정면 월송리 119 외3필지,답,"3,634","1,234.95","1,406.07",,일반철골구조,공장,사무실,033-743-9041,남일건축사사무소
신축,2021-신속허가과-공용건축물-16,강원도 원주시 봉산동 902-90 외2필지,대,362.9,187.61,321.84,,철근콘크리트구조,제1종근린생활시설,주민공동이용시설,,율건축사사무소
신축,2021-신속허가과-신축허가-125,강원도 원주시 일산동 168-2 외1필지,대,731,179.06,158.17,,철근콘크리트구조,제1종근린생활시설,소매점,031-548-0049,다온건축사사무소주식회사
신축,2021-신속허가과-신축허가-126,강원도 원주시 지정면 가곡리 1401-3,대,395.5,215.29,663.93,,철근콘크리트구조,단독주택,단독(다가구)주택 및 근생,,율건축사사무소
증축,2021-신속허가과-증축허가-28,강원도 원주시 개운동 255-1,대,"3,235.17","1,031.23","2,490.17","1,807.79",철근콘크리트구조,종교시설,수녀원,02-2088-5874,스플렌디드 건축사사무소
신축,2021-신속허가과-신축허가-124,강원도 원주시 지정면 가곡리 1437-7,대,350.3,209.58,487.58,,철근콘크리트구조,단독주택,다가구주택,033-748-2526,건축사사무소 도원
증축,2021-안전도시과-증축허가-2,강원도 원주시 관설동 445 외1필지,대,"3,632","1,066.06","2,177.48","2,197.46",철근콘크리트구조,노유자시설,,070-7609-4373,주식회사 토펙건축사사무소
용도변경,2021-건축과-용도변경허가-38,강원도 원주시 문막읍 궁촌리 139 외2필지,대,991,190.84,190.84,,,제2종근린생활시설,및 제1종근린생활시설,033-764-8566,라인종합건축사사무소
신축,2021-신속허가과-신축허가-122,강원도 원주시 문막읍 동화리 165-1 외1필지,잡종지,"3,620",495,495,,일반철골구조,창고시설,창고시설,033-747-0447,동성건축사사무소
신축,2021-신속허가과-신축허가-123,강원도 원주시 지정면 가곡리 766-13,임야,379,131.58,367.38,,철근콘크리트구조,제2종근린생활시설,제조업소,033-747-3322,신한건축사사무소
증축,2021-신속허가과-증축허가-27,강원도 원주시 우산동 405-15 외4필지,공장용지,"17,034","10,252.87","12,630.44",739.2,철근콘크리트구조,공장,공장,033-735-1147,가원건축사사무소
신축,2021-안전도시과-신축허가-46,강원도 원주시 반곡동 2007-15,대,310.8,122.68,198.1,,철근콘크리트구조,단독주택,단독주택,033-748-4214,건축사사무소 담아
신축,2021-신속허가과-신축허가-121,강원도 원주시 지정면 간현리 1108-18,대,322,167.96,482.98,,철근콘크리트구조,제2종근린생활시설,일반음식점,02-1544-9801,유하우스건축사사무소주식회사
신축,2021-신속허가과-신축허가-120,강원도 원주시 지정면 보통리 34 외2필지,전,"2,018",648.72,791.76,,일반철골구조,창고시설,,033-742-0522,대산 건축사 사무소
신축,2021-신속허가과-신축허가-118,강원도 원주시 소초면 학곡리 620,대,748,129.9,253.1,,철근콘크리트구조,단독주택,단독주택,033-748-4214,건축사사무소 담아
신축,2021-신속허가과-신축허가-119,강원도 원주시 판부면 서곡리 1996-2,대,199.5,118.25,395.19,,철근콘크리트구조,단독주택,단독(다가구)주택 및 근린생활시설,033-748-2526,건축사사무소 도원
신축,2021-안전도시과-신축허가-44,강원도 원주시 반곡동 2033-12,대,286,108.36,194.85,,철근콘크리트구조,단독주택,단독주택,033-743-2743,종합건축사사무소 비전
신축,2021-안전도시과-신축허가-45,강원도 원주시 반곡동 2039-19,대,319.8,125.38,196.4,,철근콘크리트구조,단독주택,,,KKKL 건축사사무소
신축,2021-신속허가과-신축허가-117,강원도 원주시 소초면 학곡리 1015-2,임야,"1,840",273.12,333.74,,일반철골구조,제2종근린생활시설,종교집회장,033-747-6390,(주)기림건축사사무소
증축,2021-신속허가과-증축허가-26,강원도 원주시 지정면 가곡리 1283-4,대,"20,860.2","3,276.84","8,401.17",231.34,철근콘크리트구조,공장,,02-577-8486,(주)디엠씨종합건축사사무소
증축,2021-신속허가과-증축허가-25,강원도 원주시 지정면 안창리 822 외4필지,대,"6,735","1,089","1,089",348,경량철골구조,공장,,033-743-5841,태기건축사사무소
신축,2021-신속허가과-신축허가-116,강원도 원주시 지정면 신평리 1114-5,대,972.9,672,"2,623.44",,철근콘크리트구조,제1종근린생활시설,제2종근린생활시설,,주식회사 알티건축사사무소
신축,2021-신속허가과-신축허가-112,강원도 원주시 학성동 233-1,대,444,123.18,199.43,,일반목구조,단독주택,,,길건축사사무소
신축,2021-신속허가과-신축허가-114,강원도 원주시 문막읍 건등리 187-16 외5필지,임야,"5,312","1,531.2","5,418.75",,철근콘크리트구조,의료시설,일반병원,033-743-2743,종합건축사사무소 비전
증축,2021-신속허가과-증축허가-24,강원도 원주시 개운동 447-3 외3필지,대,"1,798.6","1,076.08",999.85,156,컨테이너조,제1종근린생활시설,소매점,,건축사사무소섭리
신축,2021-안전도시과-신축허가-43,강원도 원주시 반곡동 2005-8,대,505.8,193.12,297.22,,철근콘크리트구조,단독주택,단독주택(1가구),033-746-8564,건축사사무소대원
신축,2021-신속허가과-신축허가-110,강원도 원주시 우산동 405-1,공장용지,777,485.93,477.04,,일반철골구조,창고시설,제2종근린생활시설(사무소),033-747-5799,건축사사무소지인
신축,2021-신속허가과-신축허가-111,강원도 원주시 개운동 309-14 외2필지,대,309,184.06,489.44,,철근콘크리트구조,단독주택,"(다가구),제2종근린생활시설",,비케이건축사사무소
증축,2021-건축과-증축허가-1,강원도 원주시 문막읍 취병리 704 외10필지,잡종지,"11,017","2,928.3","2,928.3",835.23,일반철골구조,동.식물관련시설,양돈,033-765-7283,土宇건축사사무소
증축,2021-신속허가과-증축허가-33,강원도 원주시 문막읍 동화리 1647-4,공장용지,"10,206","1,082.23","1,790.76","1,142.56",일반철골구조,공장,,033-765-7725,건축사사무소길
신축,2021-신속허가과-신축허가-153,강원도 원주시 개운동 494,전,254,92.41,145.45,,철근콘크리트구조,단독주택,단독주택,033-747-5077,주식회사건축사사무소이노
증축,2021-신속허가과-증축허가-32,강원도 원주시 원동 59-20,대,986,520.015,"1,729.334",357.904,철근콘크리트구조,노유자시설,사회복지시설,033-746-0467,조화 건축사사무소
신축,2021-안전도시과-신축허가-51,강원도 원주시 반곡동 1762-2 외2필지,답,823,159.66,478.98,,철근콘크리트구조,제1종근린생활시설,"소매점, 사무소",033-766-7079,가나건축사사무소
신축,2021-신속허가과-신축허가-151,강원도 원주시 명륜동 777,답,"1,539",496.58,993.16,,일반철골구조,제1종근린생활시설,소매점,033-742-4956,무진 건축사사무소
신축,2021-신속허가과-신축허가-152,강원도 원주시 판부면 서곡리 595-47,과수원,562,111.75,111.75,,경량철골구조,제2종근린생활시설,(수리점-카센타),033-742-4956,무진 건축사사무소
신축,2021-신속허가과-협의건축물-3,강원도 원주시 일산동 184-1 외1필지,대,"1,037.6",437.64,999.09,,철근콘크리트구조,제1종근린생활시설,마을회관,,(주)에이아이알 건축사사무소
용도변경,2021-건축과-용도변경허가-47,강원도 원주시 지정면 가곡리 1348-5,대,"1,198.7",799.326,"6,484.524",,철근콘크리트구조,제1종근린생활시설,"제2종근린생활시설,일반숙박시설",031-987-5585,(주)해인건축사사무소
용도변경,2021-건축과-용도변경허가-48,강원도 원주시 반곡동 2047-10,대,"22,879.4","7,569.74","61,541.73",,철근콘크리트구조,업무시설,,02-6489-2021,탈건축사사무소
신축,2021-신속허가과-신축허가-150,강원도 원주시 지정면 가곡리 1345-10,대,"1,469.3",963.62,"9,996.55",,철근콘크리트구조,제1종근린생활시설,의원,033-731-5084,성호건축사사무소
신축,2021-신속허가과-신축허가-149,강원도 원주시 명륜동 774-5,답,158,85.87,168.73,,철근콘크리트구조,제1종근린생활시설,휴게음식점,,율건축사사무소
신축,2021-신속허가과-신축허가-145,강원도 원주시 무실동 1119 외3필지,전,820,128.88,515.52,,철근콘크리트구조,단독주택,"다가구주택,제2종근린생활시설",033-743-9961,건축사사무소이지
신축,2021-신속허가과-신축허가-144,강원도 원주시 지정면 가곡리 1445-7,대,321,170.275,569.26,,철근콘크리트구조,단독주택,"다가구주택/1,2종근린생활시설",033-765-7283,土宇건축사사무소
용도변경,2021-건축과-용도변경허가-46,강원도 원주시 일산동 213-1,대,700,337.32,"1,554.36",,,제1종근린생활시설,"소매점, 한의원, 의원, 공연장, 단독주택, 주간보호센터",033-748-9658,(주)해인안전진단건축사사무소
용도변경,2021-건축과-용도변경허가-45,강원도 원주시 호저면 매호리 487 외1필지,대,660,116.6,108,,일반목구조,제1종근린생활시설,휴게음식점,033-764-8566,라인종합건축사사무소
신축,2021-신속허가과-신축허가-143,강원도 원주시 무실동 1900-7,대,281.9,122.96,195.79,,철근콘크리트구조,단독주택,,,조은 건축사사무소
증축,2021-신속허가과-증축허가-31,강원도 원주시 단계동 801-11,대,"1,227.8",433.92,"1,177.87",366.1,철근콘크리트구조,제1종근린생활시설,"소매점,의원",,건축사사무소예림
증축,2021-신속허가과-공용건축물-18,강원도 원주시 호저면 주산리 928-1,잡종지,"12,760.95","1,266.42","1,681.6","1,402.84",일반철골구조,창고시설,임업용창고시설,02-3476-8750,(주)전원에이앤씨 건축사사무소
신축,2021-신속허가과-신축허가-142,강원도 원주시 행구동 1858-1,대,281,139.99,303.82,,철근콘크리트구조,단독주택,,,율건축사사무소
신축,2021-신속허가과-신축허가-140,강원도 원주시 흥업면 매지리 357 외1필지,대,884,175.85,324.4,,일반철골구조,제1종근린생활시설,휴게음식점,033-735-1436,(주)윤건축사사무소
신축,2021-신속허가과-신축허가-141,강원도 원주시 태장동 730-22,대,707.55,127.51,198.84,,철근콘크리트구조,제1종근린생활시설,사무소,033-733-8207,종합건축사사무소 한신
증축,2021-신속허가과-증축허가-30,강원도 원주시 문막읍 반계리 2225,공장용지,"9,921.6","6,487.45","11,030.01",434.42,철근콘크리트구조,공장,공장,033-748-0075,건축사사무소조원
용도변경,2021-건축과-용도변경허가-44,강원도 원주시 지정면 신평리 581 외2필지,대,"1,650",126.39,126.39,,벽돌구조,단독주택,,033-748-8845,가산종합건축사사무소
신축,2021-안전도시과-신축허가-50,강원도 원주시 반곡동 2039-22,대,320.3,114.15,191.72,,철근콘크리트구조,단독주택,,025566903,(주)유타건축사사무소
신축,2021-신속허가과-신축허가-139,강원도 원주시 단계동 1175-4,대,259.7,148.2,355.74,,철근콘크리트구조,단독주택,제1종근린생활시설 및 단독주택(다가구주택),,율건축사사무소
용도변경,2021-건축과-용도변경허가-43,강원도 원주시 무실동 815-16,대,253,37.2,37.2,,,제2종근린생활시설,사무소,033-747-3322,신한건축사사무소
용도변경,2021-건축과-용도변경허가-41,강원도 원주시 태장동 897-15,대,316,87.23,84.98,,경량철골구조,제2종근린생활시설,사무소,033-747-0447,동성건축사사무소
용도변경,2021-건축과-용도변경허가-42,강원도 원주시 부론면 정산리 2061-4,대,"1,027",74.69,73.75,,철근콘크리트구조,제2종근린생활시설,사무소,031-774-2688,(주)희우건축사사무소
신축,2021-안전도시과-신축허가-49,강원도 원주시 반곡동 1963-13,대,349.2,121.14,198.49,,철근콘크리트구조,단독주택,,033-744-9071,백강욱 건축사사무소
신축,2021-신속허가과-신축허가-138,강원도 원주시 행구동 1710-13,전,377,242.86,477.22,,일반철골구조,제2종근린생활시설,사무소,033-743-9041,남일건축사사무소
신축,2021-안전도시과-신축허가-47,강원도 원주시 단구동 851-51 외3필지,대,258,149.87,479.28,,철근콘크리트구조,제1종근린생활시설,소매점,033-747-9213,건축사사무소 우림
신축,2021-안전도시과-신축허가-48,강원도 원주시 반곡동 1979-11,대,288.6,140.05,198.72,,철근콘크리트구조,단독주택,단독주택,031-948-6080,씨엔건축사사무소
신축,2021-신속허가과-신축허가-164,강원도 원주시 소초면 흥양리 944,대,700,137.55,412.65,,철근콘크리트구조,제2종근린생활시설,사무소,033-747-9213,건축사사무소 우림
신축,2021-안전도시과-신축허가-60,강원도 원주시 단구동 산 113-68,임야,229,135.76,569.38,,철근콘크리트구조,제2종근린생활시설,단독주택,033-748-2526,건축사사무소 도원
신축,2021-신속허가과-신축허가-163,강원도 원주시 개운동 401-9,대,319,191.14,490.41,,철근콘크리트구조,단독주택,,051-816-1405,주식회사 라움건축사사무소
증축,2021-신속허가과-증축허가-37,강원도 원주시 문막읍 반계리 2239,공장용지,"89,013.9","57,050.87","65,692.55",613.88,일반철골구조,공장,,02-564-2024,(주)에이스종합건축사사무소
신축,2021-신속허가과-신축허가-162,강원도 원주시 지정면 신평리 1106-5,공장용지,"24,944.9","11,106.78","13,090.33",,일반철골구조,공장,,02-522-3861,(주)글로벌에이앤씨건축사사무소
증축,2021-신속허가과-증축허가-36,강원도 원주시 태장동 1720-1 외1필지,공장용지,"19,080","9,311.98","13,960.49",996.93,일반철골구조,공장,,,(주)코레스엔지니어링건축사사무소
신축,2021-신속허가과-신축허가-159,강원도 원주시 지정면 가곡리 852 외1필지,전,"2,125",816.47,816.47,,경량철골구조,제2종근린생활시설,"제조업소,사무소,창고",033-747-0447,동성건축사사무소
신축,2021-신속허가과-신축허가-161,강원도 원주시 판부면 서곡리 2035-2,대,408.3,152.68,149.33,,철근콘크리트구조,단독주택,단독주택,02-6338-3131,건축사사무소 삼간일목
신축,2021-안전도시과-신축허가-59,강원도 원주시 반곡동 1381,전,657,166.5,333,,일반철골구조,제2종근린생활시설,"정비소,창고",033-734-3938,MS도시 건축사사무소
신축,2021-안전도시과-신축허가-58,강원도 원주시 단구동 230-2,답,933,365.32,365.32,,일반철골구조,제1종근린생활시설,소매점,033-747-3322,신한건축사사무소
증축,2021-신속허가과-증축허가-35,강원도 원주시 가현동 64-42 외3필지,종교용지,"4,825",474.84,"1,605.84",167.2,철근콘크리트구조,종교시설,기도실및부속실,033-743-2743,종합건축사사무소 비전
신축,2021-안전도시과-신축허가-56,강원도 원주시 반곡동 2039-9,대,317.2,122.88,198.08,,일반목구조,단독주택,,,지점토건축사사무소
용도변경,2021-건축과-용도변경허가-51,강원도 원주시 단계동 812-1,대,237.6,141.46,393.07,,철근콘크리트구조,단독주택,"다가구주택(5가구),제1,2종근린생활시설",033-735-3546,도시그룹이종근종합건축사사무소
신축,2021-안전도시과-신축허가-54,강원도 원주시 반곡동 1995-6,대,329.1,124.445,177.235,,일반목구조,단독주택,,02-3142-5629,(주)여의종합건축사사무소
신축,2021-안전도시과-신축허가-55,강원도 원주시 반곡동 1822-65,대,392.6,133.52,198.16,,철근콘크리트구조,단독주택,,033-765-7283,土宇건축사사무소
증축,2021-신속허가과-증축허가-34,강원도 원주시 지정면 보통리 314-8,대,"3,840","1,100.33","2,257.31",816.3,철근콘크리트구조,숙박시설,일반숙박시설,033-746-8564,건축사사무소대원
신축,2021-신속허가과-신축허가-158,강원도 원주시 무실동 1857-18,대,926.2,632.24,"3,861.42",,철근콘크리트구조,제1종근린생활시설,,033-747-1806,태인도시ENC종합건축사사무소
용도변경,2021-건축과-용도변경허가-49,강원도 원주시 단계동 818,대,225.2,134.44,496.18,,,제2종근린생활시설,다가구주택,033-748-0075,건축사사무소조원
용도변경,2021-건축과-용도변경허가-50,강원도 원주시 문막읍 동화리 1039-29 외1필지,임야,"1,314",497.025,497.025,,일반철골구조,창고시설,,033-765-7283,土宇건축사사무소
신축,2021-신속허가과-신축허가-156,강원도 원주시 신림면 황둔리 978 외4필지,답,"12,845","1,739.12","1,685.87",,일반철골구조,종교시설,"종교집회장,휴게실,교육관,소규모미팅룸",033-743-9041,남일건축사사무소
신축,2021-신속허가과-신축허가-157,강원도 원주시 호저면 주산리 702-2 외1필지,전,"2,235",710.97,841,,일반철골구조,공장,공장,033-435-0025,우리 건축사사무소
신축,2021-안전도시과-신축허가-52,강원도 원주시 반곡동 2013-1,대,306.6,119.86,177.33,,철근콘크리트구조,단독주택,,,정희재건축사사무소
신축,2021-신속허가과-신축허가-154,강원도 원주시 태장동 산 54-25 외10필지,임야,"3,170",868.63,"2,873.075",,철근콘크리트구조,노유자시설,노인복지관,033-766-2096,아세아종합건축사사무소
신축,2021-신속허가과-신축허가-155,강원도 원주시 문막읍 후용리 1061,답,"1,507",900,900,,일반철골구조,동.식물관련시설,축사,033-748-0075,건축사사무소조원
증축,2021-신속허가과-증축허가-39,강원도 원주시 귀래면 귀래리 18-1 외2필지,공장용지,3895,860.5,958.45,380.7,일반철골구조,공장,,033-765-7283,土宇건축사사무소
증축,2021-신속허가과-증축허가-40,강원도 원주시 지정면 가곡리 1431,대,14421.7,6574.15,7424.71,1733,일반철골구조,공장,,033-731-0854,건축사사무소 한
증축,2021-안전도시과-협의건축물-2,강원도 원주시 반곡동 1824-2,대,12000,1983.15,5272.59,520.45,철근콘크리트구조,업무시설,공공청사,033-766-3400,도시공간안전진단건축사사무소주식회사
신축,2021-신속허가과-공용건축물-22,강원도 원주시 반곡동 1860-3,대,16033.3,4960.69,9771.47,,일반철골구조,교육연구시설,연구소,042-823-3724,(주)디엔비건축사사무소
증축,2021-신속허가과-증축허가-38,강원도 원주시 소초면 흥양리 1640-1 외1필지,공장용지,1558,622.04,1258.36,640.17,철근콘크리트구조,공장,(제조업소),033-743-7711,(주)종합건축사사무소 가우헌
용도변경,2021-건축과-용도변경허가-57,강원도 원주시 무실동 1857-6,대,2049.5,1586.5,22364.15,,,업무시설,"업무시설, 제1,2종근린생활시설",,건축사사무소 율
신축,2021-신속허가과-신축허가-175,강원도 원주시 행구동 872 외1필지,대,2010,404.66,658.57,,철근콘크리트구조,단독주택,,033-743-2743,종합건축사사무소 비전
신축,2021-신속허가과-신축허가-174,강원도 원주시 행구동 1853-6,대,264,131.58,370.26,,철근콘크리트구조,단독주택,"다가구주택,제2종근생",033-748-0075,건축사사무소조원
용도변경,2021-건축과-용도변경허가-56,강원도 원주시 반곡동 1905-4,대,968.2,768.81,4388.16,,철근콘크리트구조,교육연구시설,"제1종근린생활시설, 교육연구시설(연구소)",033-748-8845,가산종합건축사사무소
신축,2021-신속허가과-신축허가-173,강원도 원주시 소초면 흥양리 산 217,임야,3675,1440.9,2881.8,,철근콘크리트구조,숙박시설,,,조은 건축사사무소
신축,2021-안전도시과-신축허가-66,강원도 원주시 단구동 74-127,대,206,119.15,395.66,,철근콘크리트구조,단독주택,,033-744-0240,이레건축사사무소
신축,2021-신속허가과-협의건축물-5,강원도 원주시 봉산동 255 외117필지,전,173263,21811.26,41761.01,,철근콘크리트구조,교정및군사시설,,02-6333-3198,(주)선진엔지니어링종합건축사사무소
신축,2021-신속허가과-협의건축물-6,강원도 원주시 지정면 가곡리 1531-4,대,1005.6,218.08,344.04,,철근콘크리트구조,제1종근린생활시설,지구대,033-766-3400,도시공간안전진단건축사사무소주식회사
신축,2021-안전도시과-신축허가-64,강원도 원주시 단구동 1556-6,대,197.6,117.86,238.94,,철근콘크리트구조,단독주택,제2종근린생활시설,,비케이건축사사무소
신축,2021-안전도시과-신축허가-65,강원도 원주시 반곡동 1956-32,대,336.7,97.19,177.09,,일반목구조,단독주택,단독주택,,(주)유타건축사사무소
신축,2021-신속허가과-신축허가-171,강원도 원주시 무실동 1218-6,답,615,237.86,313.19,,일반철골구조,단독주택,단독주택,033-747-3322,신한건축사사무소
신축,2021-신속허가과-신축허가-172,강원도 원주시 우산동 75-2 외2필지,대,1150,437.8,396,,일반철골구조,제1종근린생활시설,소매점,033-734-3938,MS도시 건축사사무소
신축,2021-건축과-신축허가-2,강원도 원주시 우산동 202-28 외1필지,대,391.4,228.63,755.62,,철근콘크리트구조,단독주택,"다가구주택,근린생활시설",031-222-2321,스토리건축사사무소
신축,2021-건축과-신축허가-3,강원도 원주시 우산동 202-30,대,157.3,91.46,304.8,,철근콘크리트구조,단독주택,"다중주택,사무소",031-222-2321,스토리건축사사무소
용도변경,2021-건축과-용도변경허가-54,강원도 원주시 단계동 831-5,대,218.8,127.26,488,,철근콘크리트구조,제2종근린생활시설,"제2종근린생활시설, 다가구주택(4가구)",033-748-8845,가산종합건축사사무소
용도변경,2021-건축과-용도변경허가-55,강원도 원주시 지정면 가곡리 1495-1,대,1953.3,1255.74,14448.55,,철근콘크리트구조,제1종근린생활시설,,033-747-9213,건축사사무소 우림
증축,2021-신속허가과-협의건축물-4,강원도 원주시 문막읍 동화리 371-10,주유소용지,6322,845.86,941.86,242.96,철근콘크리트구조,위험물저장및처리시설,,033-255-7594,준 건축사사무소
신축,2021-신속허가과-신축허가-170,강원도 원주시 지정면 간현리 856-7 외2필지,전,436,168.58,264.63,,일반철골구조,제2종근린생활시설,,033-732-6363,공간건축사사무소
용도변경,2021-건축과-용도변경허가-53,강원도 원주시 우산동 563-1 외1필지,대,512,244.8,370.8,,일반철골구조,자동차관련시설,,033-742-0522,대산 건축사 사무소
신축,2021-신속허가과-신축허가-169,강원도 원주시 판부면 서곡리 2040-3,대,342.3,120.69,196.64,,철근콘크리트구조,단독주택,,,(주)건축사사무소 크로스디앤알
신축,2021-안전도시과-신축허가-63,강원도 원주시 반곡동 2031-20,대,276.2,101.56,144.61,,일반목구조,단독주택,,,최기준 건축사사무소
신축,2021-신속허가과-신축허가-167,강원도 원주시 지정면 신평리 1112-24,대,3312.6,833.985,1610.24,,철근콘크리트구조,교육연구시설,연구소,033-766-2096,아세아종합건축사사무소
신축,2021-신속허가과-신축허가-168,강원도 원주시 판부면 서곡리 455-1 외1필지,도로,783,140.94,197.88,,철근콘크리트구조,단독주택,단독주택및제1종근린생활시설,033-748-4214,건축사사무소 담아
신축,2021-신속허가과-신축허가-166,강원도 원주시 봉산동 1130-32,대,215.7,87.52,134.12,,일반목구조,단독주택,,033-746-3642,한울종합건축사사무소
용도변경,2021-건축과-공용건축물-3,강원도 원주시 중앙동 118-3 외1필지,대,469.4,323.24,1859.41,,,수련시설,,033-747-3322,신한건축사사무소
용도변경,2021-건축과-용도변경허가-52,강원도 원주시 문막읍 반계리 862-13,목장용지,259,111.16,180.32,,일반철골구조,단독주택,,,미담건축사사무소
신축,2021-신속허가과-신축허가-165,강원도 원주시 소초면 수암리 1168-3,임야,2048,228.95,458.63,,철근콘크리트구조,제2종근린생활시설,사무소,033-744-2150,(주)성우건축사사무소
신축,2021-신속허가과-신축허가-195,강원도 원주시 판부면 서곡리 산 7 외1필지,임야,"2,897",330,330,,철근콘크리트구조,단독주택,단독주택,033-344-0037,가인건축사사무소
신축,2021-신속허가과-신축허가-194,강원도 원주시 판부면 서곡리 440-25,임야,315,184.5,904.28,,철근콘크리트구조,제2종근린생활시설,제1종근린생활시설,033-748-2526,건축사사무소 도원
신축,2021-안전도시과-신축허가-70,강원도 원주시 반곡동 1974-3,대,280.4,125.75,171.11,,철근콘크리트구조,단독주택,단독주택,,건축사사무소 율
증축,2021-신속허가과-증축허가-48,강원도 원주시 부론면 노림리 1249 외1필지,답,"6,388","2,638.77","2,638.77",291.01,일반철골구조,동.식물관련시설,축사,,건축사사무소섭리
용도변경,2021-건축과-용도변경허가-65,강원도 원주시 단계동 882-3,대,321.8,249.91,"195,990",,,제1종근린생활시설,"근린생활시설,업무시설,창고시설",033-747-3322,신한건축사사무소
신축,2021-신속허가과-신축허가-193,강원도 원주시 판부면 서곡리 455-7,대,490,97.12,169.42,,일반목구조,단독주택,단독주택(1가구),033-748-9658,(주)해인안전진단건축사사무소
증축,2021-신속허가과-증축허가-47,강원도 원주시 소초면 평장리 561 외3필지,목장용지,"12,312.14","3,420.32","5,884.61",102.59,강파이프구조,동.식물관련시설,"축사, 퇴비 포장실 및 관리사",033-764-8566,라인종합건축사사무소
용도변경,2021-건축과-용도변경허가-64,강원도 원주시 봉산동 901-69,대,67,59.4,59.4,,일반목구조,제2종근린생활시설,일반음식점,,신한건축사사무소
신축,2021-안전도시과-신축허가-69,강원도 원주시 단구동 139-97 외2필지,대,345,155.54,547.42,,철근콘크리트구조,제2종근린생활시설,"(사무소),단독주택",,비케이건축사사무소
신축,2021-신속허가과-신축허가-191,강원도 원주시 무실동 1900-9,대,283.9,153.51,198.9,,철근콘크리트구조,단독주택,,02-571-3155,건축사사무소이루
신축,2021-신속허가과-신축허가-192,강원도 원주시 신림면 금창리 180-1,전,"1,101",297,297,,경량철골구조,제2종근린생활시설,일반음식점,044-866-0673,종합건축사사무소 소담그룹
증축,2021-신속허가과-증축허가-44,강원도 원주시 지정면 월송리 1016 외195필지,체육용지,"1,829,621","1,194","1,900.43","1,900.43",철근콘크리트구조,운동시설,골프연습장,,주식회사 포머티브 건축사사무소
증축,2021-신속허가과-증축허가-45,강원도 원주시 지정면 가곡리 1331 외1필지,대,"21,826.9","12,652.42","15,865.25","2,800",일반철골구조,공장,,033-748-0075,건축사사무소조원
증축,2021-신속허가과-증축허가-46,강원도 원주시 단계동 873,대,"2,137","1,616.23","11,800.06",23.3,철골콘크리트구조,판매시설,"제1종근생,제2종근생,문화집회시설",033-747-3322,신한건축사사무소
용도변경,2021-건축과-용도변경허가-63,강원도 원주시 태장동 1375-1,대,"1,535.9",829.21,"3,834.95",,,의료시설,(병원),033-744-2150,(주)성우건축사사무소
신축,2021-신속허가과-신축허가-186,강원도 원주시 봉산동 528-41 외2필지,전,"2,356",465,915,,일반철골구조,제1종근린생활시설,소매점,033-747-3322,신한건축사사무소
신축,2021-신속허가과-신축허가-187,강원도 원주시 지정면 신평리 1148-4,대,331.5,124.76,197.28,,철근콘크리트구조,단독주택,,033-743-9041,남일건축사사무소
신축,2021-신속허가과-신축허가-188,강원도 원주시 단계동 795-17,대,214.9,109.55,179.47,,일반목구조,단독주택,,02-522-0061,(주)우인건축종합건축사사무소
신축,2021-신속허가과-신축허가-189,강원도 원주시 무실동 721-1,대,990,196.76,196.76,,일반철골구조,단독주택,,033-765-7283,土宇건축사사무소
신축,2021-신속허가과-신축허가-190,강원도 원주시 일산동 154-261,대,201,111.14,335.04,,철근콘크리트구조,단독주택,다가구 주택 및 근린생활시설,033-748-2526,건축사사무소 도원
신축,2021-신속허가과-신축허가-185,강원도 원주시 태장동 1286-1 외1필지,주유소용지,"1,785",267.27,450.1,,철근콘크리트구조,제2종근린생활시설,휴게음식점,,(주)수담 엔지니어링 건축사사무소
용도변경,2021-건축과-용도변경허가-61,강원도 원주시 부론면 단강리 561-3,대,348,61.95,57.75,,벽돌구조,단독주택,,,상어 건축사사무소
용도변경,2021-건축과-용도변경허가-62,강원도 원주시 판부면 서곡리 2001-1,대,193.7,115.5,345.4,,,단독주택,"다가구주택,근린생활시설(사무소)",033-737-3322,신한건축사사무소
신축,2021-안전도시과-신축허가-68,강원도 원주시 반곡동 2021-2,대,249.8,99.6,162.74,,일반철골구조,단독주택,,,아키스토리 건축사사무소
증축,2021-신속허가과-증축허가-43,강원도 원주시 흥업면 대안리 337-15 외1필지,대,"4,296","1,130.36","1,782.68",892.8,일반철골구조,공장,창고,032-613-3747,건축사사무소 가예
신축,2021-신속허가과-신축허가-184,강원도 원주시 지정면 월송리 155-2,답,"1,016",284.4,484.1,,철근콘크리트구조,제2종근린생활시설,(제조업소),033-742-4956,무진 건축사사무소
증축,2021-신속허가과-증축허가-42,강원도 원주시 가현동 68-18,대,347.8,207.1,553.72,139.52,일반철골구조,제1종근린생활시설,소매점,033-747-3322,신한건축사사무소
신축,2021-신속허가과-신축허가-183,강원도 원주시 우산동 696-4,전,908,165.05,342.87,,철근콘크리트구조,단독주택,단독주택,,건축사사무소 율
신축,2021-신속허가과-공용건축물-25,강원도 원주시 태장동 산 54-23 외5필지,임야,"3,302",872.62,"1,820.94",,철근콘크리트구조,업무시설,공공업무시설,,도트 건축사사무소
신축,2021-안전도시과-신축허가-67,강원도 원주시 관설동 626-6,전,462,271.2,813.6,,철근콘크리트구조,제1종근린생활시설,"소매점, 일반음식점,사무소,단독주택",,조은 건축사사무소
신축,2021-신속허가과-신축허가-180,강원도 원주시 학성동 212-2,대,293.3,221.165,"1,897.565",,철근콘크리트구조,노유자시설,요양원,055-544-6666,예안종합건축사사무소
신축,2021-신속허가과-신축허가-181,강원도 원주시 단계동 61-40,전,574,204.82,727.18,,철근콘크리트구조,제2종근린생활시설,"(사무소),단독(다가구)주택",,비케이건축사사무소
신축,2021-신속허가과-신축허가-182,강원도 원주시 흥업면 대안리 50-9 외1필지,대,441,87.12,191.28,,철근콘크리트구조,단독주택,단독주택,033-746-3642,한울종합건축사사무소
증축,2021-신속허가과-증축허가-41,강원도 원주시 지정면 가곡리 1361-2,대,320,174.33,617.66,110.93,철근콘크리트구조,제2종근린생활시설,사무소,033-743-9041,남일건축사사무소
용도변경,2021-건축과-용도변경허가-59,강원도 원주시 소초면 평장리 1048-1,대,"1,985",285.81,284.14,,일반철골구조,묘지관련시설,,033-743-5841,태기건축사사무소
용도변경,2021-건축과-용도변경허가-60,강원도 원주시 지정면 판대리 555-4 외1필지,대,629,232.51,397.29,,일반철골구조,제1종근린생활시설,제2종근린생활시설,033-743-2743,종합건축사사무소 비전
신축,2021-신속허가과-신축허가-179,강원도 원주시 우산동 333-15,공장용지,"5,679","3,553.7","3,684.2",,일반철골구조,공장,,033-748-2526,건축사사무소 도원
용도변경,2021-건축과-용도변경허가-58,강원도 원주시 학성동 10-2 외3필지,답,"3,842",490,490,,일반철골구조,자동차관련시설,매매장,0337476390,(주)기림건축사사무소
신축,2021-신속허가과-신축허가-178,강원도 원주시 귀래면 운계리 815-6,답,"1,025",341.1,446.1,,일반철골구조,제2종근린생활시설,제조시설,033-743-2743,종합건축사사무소 비전
신축,2021-신속허가과-신축허가-177,강원도 원주시 태장동 700-33 외1필지,대,"2,766",728.05,"1,209.13",,철근콘크리트구조,종교시설,성당,02-2231-3370,그림건축사사무소주식회사
증축,2021-신속허가과-증축허가-53,강원도 원주시 원동 295-8,대,"4,548","1,284.5","3,761.37",829.92,철골철근콘크리트구조,종교시설,,025616197,주/예인피앤에이치건축사사무소
용도변경,2021-건축과-용도변경허가-70,강원도 원주시 부론면 정산리 2061-16,대,639,60.75,108.78,,일반목구조,제2종근린생활시설,사무소,031-774-2688,(주)희우건축사사무소
신축,2021-신속허가과-신축허가-211,강원도 원주시 무실동 699-1,과수원,786,156.96,884.28,,철근콘크리트구조,제2종근린생활시설,"체력단련장, 사무소, 휴게음식점, 소매점",033-748-9658,(주)해인안전진단건축사사무소
신축,2021-신속허가과-신축허가-209,강원도 원주시 흥업면 흥업리 산 4-1 외13필지,임야,"2,996",420.75,420.75,,경량철골구조,단독주택,,033-748-2526,건축사사무소 도원
신축,2021-신속허가과-신축허가-210,강원도 원주시 소초면 학곡리 1021-1,대,428,160.3,228.48,,일반철골구조,단독주택,다가구주택/일반음식점,033-748-4214,건축사사무소 담아
신축,2021-건축과-협의건축물-1,강원도 원주시 우산동 206-31 외2필지,대,608.8,304.9,"1,034.91",,철근콘크리트구조,공동주택,도시형생활주택(근린생활시설 및 도시형생활주택),,율건축사사무소
증축,2021-신속허가과-증축허가-52,강원도 원주시 소초면 학곡리 855,대,740,290.78,496.66,196.94,철근콘크리트구조,단독주택,단독주택,,건축사사무소 보이드
신축,2021-안전도시과-신축허가-78,강원도 원주시 단구동 627-19 외4필지,답,"1,488",399.05,"1,848.01",,철근콘크리트구조,제1종근린생활시설,제1종근린생활시설 및 제2종근린생활시설,033-748-8845,가산종합건축사사무소
신축,2021-신속허가과-신축허가-207,강원도 원주시 일산동 234-13,대,237.4,140.78,472.27,,철근콘크리트구조,제2종근린생활시설,단독주택 및 근린생활시설,,건축사사무소 보이드
신축,2021-신속허가과-신축허가-208,강원도 원주시 지정면 신평리 1140-6,대,357,98.35,191.9,,철근콘크리트구조,단독주택,,033-743-9041,남일건축사사무소
대수선,2021-신속허가과-대수선허가-3,강원도 원주시 일산동 121-2,대,831,446.06,"1,935.86",,철근콘크리트구조,업무시설,일반업무시설,02-544-7495,한섬종합건축사사무소
신축,2021-안전도시과-신축허가-76,강원도 원주시 반곡동 1822-57,대,325.2,72.33,138.66,,일반철골구조,단독주택,,033-253-9500,강인건축사사무소
신축,2021-안전도시과-신축허가-77,강원도 원주시 반곡동 1822-56,대,398.5,147.68,206.04,,철근콘크리트구조,단독주택,,033-253-9500,강인건축사사무소
신축,2021-신속허가과-신축허가-206,강원도 원주시 부론면 노림리 1267,답,"4,050","2,343","2,343",,경량철골구조,동.식물관련시설,축사,033-748-4214,건축사사무소 담아
신축,2021-신속허가과-신축허가-205,강원도 원주시 흥업면 흥업리 473,답,536,171.84,236.75,,철근콘크리트구조,단독주택,,033-747-0447,동성건축사사무소
신축,2021-안전도시과-신축허가-75,강원도 원주시 반곡동 2031-21,대,272.1,108.7,185.66,,철근콘크리트구조,단독주택,,033-432-5881,최정렬 건축사사무소
증축,2021-신속허가과-증축허가-51,강원도 원주시 지정면 가곡리 1283-4,대,"20,860.2","3,276.84","9,056.93",655.76,철근콘크리트구조,공장,,02-577-8486,(주)디엠씨종합건축사사무소
용도변경,2021-건축과-용도변경허가-69,강원도 원주시 무실동 822-14,대,435,22.44,22.44,,일반목구조,제1종근린생활시설,사무소,033-743-5841,태기건축사사무소
신축,2021-신속허가과-신축허가-203,강원도 원주시 단계동 673-1,답,910,181.68,181.68,,경량철골구조,자동차관련시설,"세차장,사무실",033-743-9041,남일건축사사무소
신축,2021-신속허가과-신축허가-204,강원도 원주시 봉산동 451-5,대,364,71.38,197.78,,철근콘크리트구조,단독주택,,033-732-0120,정림 건축사사무소
증축,2021-신속허가과-증축허가-49,강원도 원주시 지정면 가곡리 1445-3,대,348,194.45,599.16,105.42,철근콘크리트구조,단독주택,,033-747-1806,태인도시ENC종합건축사사무소
증축,2021-신속허가과-증축허가-50,강원도 원주시 소초면 평장리 791-3 외1필지,종교용지,"2,468",592.05,592.05,175.79,일반철골구조,종교시설,사무소,033-746-0467,조화 건축사사무소
용도변경,2021-건축과-용도변경허가-68,강원도 원주시 부론면 단강리 158,대,"1,306",138.81,138.81,,벽돌구조,제2종근린생활시설,사무소,033-732-0120,정림 건축사사무소
신축,2021-안전도시과-신축허가-73,강원도 원주시 단구동 851-27,임야,232,137.83,541.66,,철근콘크리트구조,단독주택,단독주택 및 근린생활시설,,건축사사무소 보이드
신축,2021-안전도시과-신축허가-74,강원도 원주시 관설동 산 173-14,임야,"1,640",264.1,537.44,,일반철골구조,제2종근린생활시설,,033-746-3642,한울종합건축사사무소
신축,2021-신속허가과-신축허가-202,강원도 원주시 호저면 주산리 1425,답,"1,860",336,479.25,,일반철골구조,제2종근린생활시설,제조업소,033-748-7345,계명건축사사무소
증축,2021-안전도시과-증축허가-4,강원도 원주시 관설동 445 외1필지,대,"3,632","1,089.9","2,125.68",128.71,경량철골구조,노유자시설,아동복지시설,,주식회사 토펙건축사사무소
신축,2021-신속허가과-신축허가-199,강원도 원주시 일산동 326-5 외1필지,대,619,307.63,791.46,,철근콘크리트구조,제2종근린생활시설,제1종근린생활시설,033-746-8564,건축사사무소대원
신축,2021-신속허가과-신축허가-200,강원도 원주시 지정면 가곡리 1547-8,대,436.7,216.27,291.06,,철근콘크리트구조,단독주택,,033-731-0854,건축사사무소 한
신축,2021-신속허가과-신축허가-201,강원도 원주시 명륜동 307-9,대,254.3,103.94,148.94,,일반목구조,단독주택,단독주택,033-761-2600,삼예건축사사무소
신축,2021-안전도시과-신축허가-72,강원도 원주시 단구동 148-33 외1필지,대,280,183.54,806.57,,철근콘크리트구조,단독주택,"(다가구), 제2종근린생활시설(사무소)",,비케이건축사사무소
신축,2021-안전도시과-신축허가-71,강원도 원주시 관설동 1353 외4필지,답,"2,548",953.47,"1,826.59",,철근콘크리트구조,운동시설,골프연습장 및 근린생활시설,033)765-6111,건축사사무소조형
신축,2021-신속허가과-신축허가-198,강원도 원주시 우산동 218-9,답,299,175.93,526.2,,철근콘크리트구조,단독주택,다가구주택 및 근린생활시설,033-748-2526,건축사사무소 도원
신축,2021-신속허가과-신축허가-196,강원도 원주시 호저면 만종리 295,전,975,188.16,295.92,,일반철골구조,제1종근린생활시설,휴게음식점,033-746-8564,건축사사무소 대원
신축,2021-신속허가과-신축허가-197,강원도 원주시 봉산동 572-3,임야,"1,812",265.68,265.68,,경량철골구조,제2종근린생활시설,사무소,033-735-6799,대들보 건축사사무소
용도변경,2021-건축과-용도변경허가-66,강원도 원주시 학성동 1061-5,대,"2,940","1,520.53","10,505.55",,일반철골구조,제1종근린생활시설,"2종근린생활시설,교육연구및복지시설,운동시설",033-766-2096,아세아종합건축사사무소
용도변경,2021-건축과-용도변경허가-67,강원도 원주시 단계동 1117-3,대,668.1,458.12,"3,379.25",,일반철골구조,제2종근린생활시설,"제1종근린생활시설,업무시설",,0
