연번,읍면동,경로당 명,소재지,새주소,건물구조,계,남,여,"경로당
면적
(㎡)","건축년도
(준공일)"
1,문막읍,문막1리 경로당,문막읍 문막리 909, 문막시장3길 113(문막읍),철근콘크리트,75,35,40,205.08,2001-11-30
2,문막읍,문막2리 경로당,문막읍 문막리 542-1, 문막골말길 7-1(문막읍),철근콘크리트,72,36,36,99.09,2015-09-01
3,문막읍,포진1리 경로당,문막읍 포진리 169-4, 시무리길 35-8(문막읍),벽돌구조,70,33,37,168.6,2008-11-12
4,문막읍,포진2리 경로당,문막읍 포진리 642-7,,벽돌구조,50,20,30,98.4,2002-08-20
5,문막읍,궁촌1리 경로당,문막읍 궁촌리 768-3, 궁말길 23(문막읍),벽돌구조,101,37,64,104.58,2007-10-05
6,문막읍,궁촌2리 경로당,문막읍 궁촌리 429-3, 서들길 26(문막읍),철근콘크리트,59,20,39,154.96,2015-12-02
7,문막읍,비두1리 경로당,문막읍 비두리 1094-1, 귀문로 954(문막읍),철근콘크리트/경사스라브,51,22,29,132.3,2012-05-08
8,문막읍,비두2리 경로당,문막읍 비두리 1767, 사흥길 2(문막읍),벽돌구조,67,31,36,98.11,2009-08-21
9,문막읍,후용1리(남) 경로당,문막읍 후용리 1318,,철근콘크리트,19,19,0,262.98,2010-09-17
10,문막읍,후용1리(여) 경로당,문막읍 후용리 412-3,,벽돌  ,31,0,31,34.2,1980-03-20
11,문막읍,후용2리(남) 경로당,문막읍 견훤로 906-1, 견훤로 906-1(문막읍),철근콘크리트,24,24,0,112.42,1998-08-19
12,문막읍,후용2리(여) 경로당,문막읍 견훤로 912, 견훤로 912(문막읍),철근콘크리트/경량철골구조(2층),28,0,28,268.87,2010-03-05
13,문막읍,반계1리 경로당,문막읍 반저리1길 3, 반저리1길 3(문막읍),철근콘크리트/평스라브/경량철골,64,25,39,98.47,1996-09-03
14,문막읍,반계2리(남) 경로당,문막읍 반계리 651-1, 벌무내기길 11(문막읍),철근콘크리트,34,34,0,138.64,1973-01-01
15,문막읍,반계2리(여) 경로당,문막읍 반계리 659, 벌무내기길 23(문막읍),철근콘크리트,33,0,33,128,1992-12-12
16,문막읍,반계3리(골무내기) 경로당,문막읍 황효자길 58-1, 황효자길 60(문막읍),붉은벽돌/스라브,22,11,11,85.1,1998-11-20
17,문막읍,반계3리(밤산골) 경로당,문막읍 반계리 957, 밤상골길 4(문막읍),철근콘크리트/스라브,29,12,17,153.9,1998-08-21
18,문막읍,반계4리 남서울A 경로당,문막읍 쪽섬길 4," 쪽섬길 4, 109(문막읍, 남서울A)",철근콘크리트,25,6,19,66.42,1992-09-01
19,문막읍,취병1리 경로당,문막읍 취병리 412, 내신동1길 94(문막읍),철근콘크리트/스라브,61,31,30,97.43,1995-11-29
20,문막읍,취병2리 경로당,문막읍 취병리 520, 벌새터길 47-20(문막읍),철근콘크리트/철골,23,8,15,102.54,2010-10-13
21,문막읍,취병2리(진밭) 경로당,문막읍 취병리 799-3, 취병로 644(문막읍),벽돌구조(시멘벽돌),23,13,10,100.28,2006-07-07
22,문막읍,건등1리 경로당,문막읍 건등리 1228-1, 석지1길 172(문막읍),벽돌구조,36,13,23,120.96,2004-08-12
23,문막읍,건등1리(등안동) 경로당,문막읍 건등리 1, 지샘등안길 128-1(문막읍),경량철골조,35,15,20,106.56,2005-06-28
24,문막읍,건등2리 경로당,문막읍 건등리 343, 토평길 140(문막읍),철근콘크리트,62,23,39,42.66,2009-09-16
25,문막읍,건등3리 경로당,문막읍 건등리 1255-5, 명봉산길 22-5(문막읍),변색벽돌/스라브,27,11,16,134.6,1991-12-21
26,문막읍,건등4리 대보A 경로당,문막읍 건등리 194-1 대보A," 원문로 1613(문막읍, 대보A)",철근콘크리트,17,4,13,44.28,1991-12-16
27,문막읍,건등5리 덕원A 경로당,문막읍 건등리 193-2 덕원A," 원문로 1627(문막읍, 덕원A)",철근콘크리트,60,19,41,33,1994-12-14
28,문막읍,건등6리 경로당,문막읍 문막리 421-1, 건등로 16-21(문막읍),철근콘크리트,52,22,30,138.64,2013-11-18
29,문막읍,건등7리 신한A 경로당,문막읍 건등리 1697-2 신한A," 건등로 41(문막읍, 신한A)",철근콘크리트,41,18,23,155,1997-04-10
30,문막읍,삼익A 경로당,문막읍 건등리 1697-1(삼익A 관리동)," 건등로 27(문막읍, 삼익A)",철근콘크리트,22,10,12,107.2,1997-11-28
31,문막읍,건등9리 극동A 경로당,문막읍 건등리 1741-1 극동스타클래스A," 건등로 67(문막읍, 극동A)",철근콘크리트,33,10,23,87.481,2008-11-26
32,문막읍,건등10리 문막주공A 경로당,문막읍 건등리 1742-1 문막주공A," 원문로 1684(문막읍, 문막주공A)",철근콘크리트,101,39,62,73.402,2008-12-02
33,문막읍,동화1리 경로당,문막읍 동화리 1159-7, 큰애니길 76(문막읍),철근콘크리트,64,27,37,148.21,2006-08-16
34,문막읍,동화2리 경로당,문막읍 동화골길 72-6, 동화골길 72-6(문막읍),경량철골구조,65,29,36,157.82,2014-07-12
35,문막읍,동화3리 경로당,문막읍 동화리 56-3, 만낭포2길 8(문막읍),철근콘크리트/벽돌구조(2층) ,40,16,24,191.81,2003-06-27
36,문막읍,동화4리 만도A 경로당,문막읍 동화리 1532-1 만도A," 왕건로 114(문막읍, 만도A)",철근콘크리트,16,6,10,95.04,1991-09-20
37,문막읍,동화6리 동보렉스A 경로당,문막읍 동화리 1264-3 동보렉스A," 원문로 1588(문막읍, 동보렉스6차A)",철근콘크리트,64,20,44,65.52,1993-05-27
38,문막읍,동화8리 현진A 경로당,문막읍 동화리 8," 왕건로 77(문막읍, 현진A)",철근콘크리트,40,16,24,102.26,1997-01-30
39,문막읍,동화10리 부영A 경로당,문막읍 왕건로 80," 왕건로 80-1(문막읍, 부영A)",철근콘크리트,96,30,66,131.25,2000-10-27
40,문막읍,동화12리 신원아침도시A 경로당,문막읍 왕건로 20," 왕건로 20(문막읍, 신원아침도시A)",철근콘크리트,18,11,7,59.17,2008-04-30
41,문막읍,대둔리 경로당,문막읍 대둔리 64, 원문로 2663(문막읍),철근콘크리트,42,18,24,249.04,1996-08-24
42,문막읍,문막이화A 경로당,문막읍 동화리 1530-2, 동화초교길 31(문막읍),철근콘크리트,24,5,19,45.67,1994-11-10
43,문막읍,서원주코아루아너스A 경로당,문막읍 건등리 1743," 원문로 1700, 주민공동시설(문막읍)",철근콘크리트,45,16,29,179.84,2018-04-30
44,문막읍,명봉산 경로당,문막읍 건등리 107, 명봉산길 133(문막읍),철근콘크리트,36,17,19,88,2002-09-23
45,소초면,장양1리 경로당,소초면 장양리 69, 섬배로82(소초면),철근콘크리트,54,23,31,94.74,2004-09-23
46,소초면,장양2리 경로당,소초면 장양리 352-1, 장수1로136(소초면),철근콘크리트,35,17,18,96.06,2004-06-15
47,소초면,장양3리 경로당 ,소초면 장양리 849-1, 부안동길 10-3(소초면),철근콘크리트,41,18,23,97.48,2002-08-17
48,소초면,장양4리(대화지) 경로당,소초면 장양리 1257, 대화지길 97(소초면),철근콘크리트,18,8,10,83.26,2008-04-17
49,소초면,장양5리 경로당 ,소초면 장양리 1293-2, 장막1길 86(소초면),철근콘크리트,56,19,37,99.9,2013-09-11
50,소초면,장양6리 영진A 경로당 ,소초면 장막2길 12," 장막2길 12(소초면, 영진1차A)",철근콘크리트,56,21,35,45,1992-11-18
51,소초면,장양7리 백운A 경로당,소초면 장막1길 62," 장막 1길 62, 5-110(소초면, 백운A)",철근콘크리트,24,4,20,82,1994-11-18
52,소초면,장양8리 영진4차A 경로당,소초면 장양리 817 영진4차A," 장막2길 10(소초면, 영진4차A)",철근콘크리트,30,8,22,104.3,2006-10-30
53,소초면,장양9리 경로당,소초면 검엉터길 54, 검엉터길 54(소초면),조적조/벽돌구조(2층),33,16,17,98.73,2005-12-21
54,소초면,흥양1리 경로당,소초면 흥양리 1733-5, 송문2길 31(소초면),붉은벽돌(조적조),49,25,24,90.3,1994-08-25
55,소초면,흥양2리 경로당,소초면 흥양리 892-1, 황골로 172(소초면),조적조,86,44,42,66.5,1993-09-09
56,소초면,흥양3리 경로당,소초면 흥양리 282, 대왕고개길 10(소초면),철근콘크리트/경량철골구조(2층),68,33,35,102.15,2005-01-24
57,소초면,흥양4리 경로당,소초면 흥양리 1312, 살여울길 8(소초면),콘크리트옹벽조,55,28,27,98.91,2003-04-14
58,소초면,수암1리 경로당,소초면 수암리 1504-1, 갓바우길 101-5(소초면),조적조,44,19,25,147.2,2002-06-04
59,소초면,수암2리 경로당,소초면 수암리 697, 웃독골길 10(소초면),철근콘크리트/경량철골구조(2층),52,22,30,146.09,2005-01-26
60,소초면,수암3리 경로당 ,소초면 수암리 767-1, 바우실길 31(소초면),조적조,28,9,19,99.24,2005-06-20
61,소초면,수암4리 경로당,소초면 수암리 1033-4, 신양선녀길 244(소초면),철근콘크리트/경량철골구조(2층일부),38,16,22,134.62,2007-07-02
62,소초면,평장1리 경로당,소초면 평장리 789-1, 치악로 2790(소초면),"철근콘크리트/경량철골구조(1,2층)",57,25,32,132.3,1989-09-03
63,소초면,평장1리(섬배) 경로당,소초면 평장리 1099, 웃섬배길 14(소초면),벽돌구조,31,14,17,83.62,2000-01-02
64,소초면,평장2리 경로당 ,소초면 평장리 419-2, 평장두둑2길 13-6(소초면),붉은벽돌조,46,21,25,97.51,1998-12-11
65,소초면,둔둔2리 경로당,소초면 둔둔리 404-2, 버덩마을길 115(소초면),붉은벽돌조,55,25,30,79.43,1995-04-15
66,소초면,교항1리 경로당 ,소초면 교항리 1001, 치악로 2975(소초면),철근콘크리트,27,9,18,90.3,1994-12-10
67,소초면,교항1리(공산) 경로당 ,소초면 교항리 751-1, 교항공산길 126(소초면),벽돌구조,23,13,10,84.99,2008-08-28
68,소초면,교항1리(대동) 경로당,소초면 교항리 521, 텃골길 84(소초면),철근콘크리트,20,7,13,95.73,2011-11-23
69,소초면,교항2리 경로당,소초면 교항리 184-3, 독점길 3(소초면),철근콘크리트,51,22,29,132.69,2007-06-19
70,소초면,학곡1리 경로당,소초면 학곡리 331, 구룡사로 45-10(소초면),철근콘크리트,72,35,37,96.9,1996-02-04
71,소초면,학곡2리 경로당,소초면 학곡리 726-3, 무쇠점1길 38(소초면),철근콘크리트,27,15,12,121.23,2014-10-30
72,소초면,평장2리(안골) 경로당,소초면 평장리 220, 평장안골1길 72(소초면),철근콘크리트,37,16,21,98.76,2017-05-16
73,호저면,주산1리 경로당,호저면 주산리 1451-2, 호저문화 1길 34(호저면),철근콘크리트,47,23,24,156,2008-08-19
74,호저면,주산2리 경로당,호저면 주산리 320-2, 호매곡 1길 36(호저면),철근콘크리트/스라브,60,26,34,166.5,1998-09-01
75,호저면,만종1리 경로당,호저면 만종리 228, 상만종길 54-2(호저면),철근콘크리트,60,29,31,131.31,2016-02-02
76,호저면,만종2리 경로당,호저면 만종리 659-9, 감박산길7(호저면),철근콘크리트/평스라브,43,22,21,129.6,1994-04-14
77,호저면,만종2리(중부동) 경로당,호저면 만종리 832-1, 중부동 2길 4-8(호저면),벽돌조,40,15,25,74.04,1970-01-01
78,호저면,만종3리 경로당,호저면 만종리 382-4, 하만종3길 40(호저면),철근콘크리트,59,13,46,60,1967년경
79,호저면,만종4리 경로당,호저면 만종리 1118, 굴미실길 77-6(호저면),철골조,30,13,17,207.05,1997-12-30
80,호저면,만종5리 대보A 경로당,호저면 만종리 659-6," 감박산길 5, 나-105(호저면, 대보A)",철근콘크리트,38,17,21,59.89,1995-06-16
81,호저면,무장1리 경로당,호저면 무장리 925-8, 고여대길 8(호저면),철근콘크리트,29,13,16,117.25,2003-09-01
82,호저면,무장1리(송정) 경로당,호저면 무장리 1101-1, 유봉길 19(호저면),조적조,24,14,10,76.27,2000-12-28
83,호저면,무장2리 경로당,호저면 신무로 768-1, 신무로 768-1(호저면),철근콘크리트/조적조/경량철골구조,46,25,21,166.84,1995-05-30
84,호저면,옥산리 경로당,호저면 옥산리 314-1, 지촌길 7(호저면),철근콘크리트/조적조/경량철골구조,60,28,32,112.642,1994-04-19
85,호저면,대덕1리 경로당,호저면 대덕리 367-1, 쇠절이길 76(호저면),벽돌구조,22,6,16,117.44,2004-04-28
86,호저면,대덕2리 경로당,호저면 대덕리 749, 한터길 91(호저면),철근콘크리트,48,22,26,101.76,1999-12-02
87,호저면,고산리 경로당,호저면 고산리 747, 호저로 933(호저면),철근콘크리트,81,40,41,76.5,2010-09-17
88,호저면,광격리 경로당,호저면 광격리 828-12, 광격아랫길 3(호저면),철근콘크리트,62,26,36,164.95,1997-02-24
89,호저면,광격리(동막) 경로당,호저면 광격리 501, 고산동막길 130-15(호저면),벽돌구조,25,11,14,100.77,2004-12-03
90,호저면,샘골 경로당,호저면 광격리 270-3, 광격샘골길 54-1(호저면),철근콘크리트,18,10,8,100.35,2014-11-27
91,호저면,매호리 경로당,호저면 매호리 295-2, 매호로 135(호저면),철근콘크리트/일반목구조(2층),80,35,45,234.34,2001-08-13
92,호저면,산현리 경로당,호저면 산현리 178, 칠봉로 368-20(호저면),조적조/경량철골구조,53,19,34,108,1994-02-01
93,호저면,용곡리 경로당,호저면 용곡리 541-7, 칠봉로 723(호저면),변색벽돌조/경량철골구조,23,10,13,109.56,2001-09-24
94,지정면,간현1리 경로당,지정면 간현리 867-1, 간현로 143(지정면),철근콘크리트,59,25,34,198,1998-07-27
95,지정면,간현2리 경로당,지정면 간현리 186-1, 간현안길 40(지정면),조적조,52,18,34,121.5,1993-09-02
96,지정면,간현3리 경로당,지정면 간현리 820-6, 간현로 166번길 18(지정면),철근콘크리트,68,26,42,139.15,2011-08-05
97,지정면,간현4리 경로당,지정면 간현리 328-2, 경장길 17(지정면),철골조/경량철골구조,29,11,18,157.27,2007-12-03
98,지정면,판대1리 경로당,지정면 판대리 278-2, 지정로 1228(지정면),조적조/스라브,40,13,27,99.2,1995-08-04
99,지정면,판대1리(장지동) 경로당,지정면 판대리 87, 장지길 8-14(지정면),철근콘크리트/경량철골구조(2층),20,7,13,106.88,2006-05-25
100,지정면,판대2리 경로당,지정면 판대리 507-3, 구재로 139-24(지정면),조적조,22,8,14,158.34,2005-03-11
101,지정면,안창1리 경로당,지정면 안창리 377-15, 지정로 609(지정면),철근콘크리트구조,36,15,21,107.88,2002-10-31
102,지정면,안창1리(월운동) 경로당,지정면 안창리 240, 월운길 80(지정면),철근콘크리트구조,36,16,20,116.22,2005-07-08
103,지정면,가곡1리 경로당,지정면 가곡리 1088-2, 조엄로 301(지정면),조적조/스라브,24,7,17,97.2,1991-10-29
104,지정면,가곡2리 경로당,지정면 가곡리 241-2, 지촌안길 19(지정면),조적조,36,17,19,99.9,1995-11-17
105,지정면,월송1리 경로당,지정면 월송리 642-8, 월호동길 7(지정면),철근콘크리트,32,13,19,131.4,2010-11-25
106,지정면,월송2리 경로당,지정면 월송리 428-2, 송정로 41-19(지정면),벽돌조/경량철골구조,46,18,28,112.14,1992-10-21
107,지정면,월송3리 경로당,지정면 월송리 931-20,월송석화로 540,경량철골구조,17,8,9,98.91,2019-
108,지정면,월송4리 경로당,지정면 월송리 111-2, 송정로 238-12(지정면),철근콘크리트,34,16,18,67.86,1995-08-02
109,지정면,신평1리 경로당,지정면 신평리 360-1, 상차면길 3(지정면),일반철골구조/철근콘크리트(2층),59,21,38,140.13,2003-08-06
110,지정면,신평2리 경로당,지정면 신평리 520-4, 상무향평길 62(지정면),철근콘크리트조,28,13,15,132.84,2016-01-02
111,지정면,신평3리 경로당,지정면 신평리 520-4,신평안터길 7(지정면),철근콘크리트조,25,9,16,110.52,2012-11-01
112,지정면,보통리 경로당,지정면 보통리 407-9(대장상 407-16), 보통안길 27-16(지정면),철근콘크리트,11,6,5,98.94,1996-01-03
113,지정면,보통리(보갑) 경로당,지정면 보통리 480, 보통안길 130(지정면),철근콘크리트,23,10,13,136.73,2010-09-07
114,지정면,보통리(광터) 경로당,지정면 보통리 43-5, 보통로 521(지정면),철근콘크리트,21,7,14,139.32,2011-05-20
115,지정면,롯데캐슬1차A 경로당,지정면 가곡리 1537,"가곡로 50(지정면, 롯데캐슬1차A)",철근콘크리트,33,11,22,198.02,2018-06-26
116,지정면,롯데캐슬2차A 경로당,지정면 가곡리 1534,"가곡로 70(지정면,  롯데캐슬2차A)",철근콘크리트,27,11,16,195.12,2019-08-27
117,지정면,이지더원1차A 경로당,지정면 가곡리 1453,"신지정로 325, 커뮤니티센터 2층(지정면, 이지더원1차A)",철근콘크리트,46,22,24,373.67,2019-01-28
118,지정면,호반베르디움A 경로당,지정면 가곡리 1525,가곡로 120,철근콘크리트,49,20,29,144.5736,2018-08-31
119,지정면,라온프라이빗A 경로당,지정면 가곡리 1493,가곡로 132,철근콘크리트,32,13,19,133.34,2018-12-13
120,지정면,호반2차A 경로당,지정면 가곡리 1461,신지정로 295,철근콘크리트,22,9,13,142.34,2019-04-24
121,지정면,호반3차 더리버A 경로당,지정면 가곡리 1464,신지정로 265,철근콘크리트,17,5,12,142.34,2019-04-24
122,부론면,법천1리 경로당,부론면 법천리 1449-4, 법천시장길 63(부론면),철근콘크리트(조적조),96,41,55,132.8,2002-12-09
123,부론면,법천2리 경로당,부론면 법천리 713-6, 법후로 129-1(부론면),철근콘크리트,59,31,28,148.5,2010-01-07
124,부론면,법천3리(좀재) 경로당,부론면 법천리 1152-6, 부론로 175(부론면),벽돌구조,26,16,10,86.58,1990-10-15
125,부론면,법천3리(산수동) 경로당,부론면 법천리 1282-4, 산수동길 24(부론면),벽돌구조,24,11,13,51,2007-11-06
126,부론면,손곡1리 경로당,부론면 손곡리 1533-45, 법후로 425(부론면),철근콘크리트,48,19,29,96.36,2013-11-06
127,부론면,손곡2리 경로당,부론면 손곡리 251-1, 손곡로 231(부론면),철근콘크리트,46,23,23,98.85,2001-12-24
128,부론면,손곡3리 경로당,부론면 손곡리 986, 손곡로 5(부론면),철근콘크리트,40,19,21,134.2,2005-11-16
129,부론면,흥호1리 경로당,부론면 흥호리 산37-2, 하살미길 2(부론면),철근콘크리트,56,23,33,85.05,1994-03-11
130,부론면,흥호2리 경로당,부론면 흥호리 847, 월봉길 20-5(부론면),철근콘크리트,42,22,20,94.34,2001-07-16
131,부론면,노림1리 경로당,부론면 노림리 385-3, 견훤로 690(부론면),시멘벽돌,61,25,36,103.6,1978-01-01
132,부론면,노림2리 경로당,부론면 노림리 1111-1, 가루개길 54(부론면),조적조,9,1,8,66.25,1988-11-26
133,부론면,정산1리 경로당,부론면 정산리 1599-2, 부론로 544(부론면),철근콘크리트/경량철골구조(2층),43,18,25,90.92,2005-10-14
134,부론면,정산2리 경로당,부론면 정산리 1060-1, 정산음촌길 4(부론면),철근콘크리트,49,22,27,118.97,1998-11-23
135,부론면,정산3리 경로당,부론면 정산리 392-1, 정산로 228(부론면),조적조,34,16,18,112.56,1995-12-27
136,부론면,정산4리 경로당,부론면 정산리 1849, 부론로 312-13(부론면),철근콘크리트조,26,14,12,118.27,2005-10-21
137,부론면,단강1리 경로당,부론면 단강리 846-1, 부귀로 765-2(부론면),라멘조/스라브,38,21,17,98,1982-01-01
138,부론면,단강2리 경로당,부론면 단강리 491-3, 사기막길 9(부론면),철근콘크리트,59,26,33,101.79,1996-11-11
139,부론면,단강1리 작실 경로당,부론면 단강리 1126, 섬뜰작실길 121(부론면),철근콘크리트,25,10,15,100.22,2017-06-19
140,귀래면,용암1리 경로당,귀래면 용암리 901-1, 용암동막길 5(귀래면),철근콘크리트,67,28,39,130.64,2007-11-01
141,귀래면,용암2리 경로당,귀래면 용암리 199, 용암동막길 289(귀래면),변색벽돌,34,19,15,107.8,1995-12-19
142,귀래면,주포1리 경로당,귀래면 주포리 295-3, 주포안말길 12(귀래면),세면벽돌/경량철골구조(2층),42,18,24,108.8,1988-06-29
143,귀래면,주포2리 경로당,귀래면 주포리 426-1, 부귀로 1639(귀래면),변색벽돌조,22,9,13,101.25,1992-01-28
144,귀래면,운남1리 경로당,귀래면 운남리 1137, 운남길7(귀래면),철근콘크리트,60,25,35,167.89,2004-09-18
145,귀래면,운남2리 경로당,귀래면 운남리 213-3, 녹재길 13(귀래면),철근콘크리트,29,12,17,147.6,1994-04-09
146,귀래면,운남3리 경로당,귀래면 운남리 965-6, 한치길 11(귀래면),철근콘크리트,46,19,27,75.9,1994-11-12
147,귀래면,운남4리 경로당,귀래면 운남리 657, 법동길 51-4(귀래면),철근콘크리트,41,19,22,79.44,1998-03-28
148,귀래면,운계1리 경로당,귀래면 운계리 801-3, 북원로 313(귀래면),철근콘크리트,42,16,26,112.86,2009-07-23
149,귀래면,운계2리 경로당,귀래면 운계리 1310, 분토골길 9(귀래면),벽돌구조,44,19,25,124.4,2004-09-23
150,귀래면,운계3리 경로당,귀래면 운계리 111-9, 운계다둔길 113-4(귀래면),"철근콘크리트조
조적조",40,19,21,123.48,2003-10-08
151,귀래면,귀래1리 경로당,귀래면 귀래리 1332, 귀문로 500-1(귀래면),철근콘크리트,49,23,26,166.84,2005-06-01
152,귀래면,귀래2리 경로당,귀래면 귀래리 241-18, 귀래웃말길 8(귀래면),철근콘크리트,47,21,26,75.94,1994-09-09
153,귀래면,귀래3리 경로당,귀래면 귀래리 549-6, 귀운길 4(귀래면),조적조,31,13,18,112.86,1987-08-08
154,귀래면,귀래리(웅탑동) 경로당,귀래면 귀래리 864-2, 웅골길2(귀래면),벽돌구조,26,13,13,106.62,2005-10-29
155,흥업면,흥업1리 경로당,흥업면 흥업리 84-3, 울업1길 26(흥업면),철근콘크리트,52,25,27,117.6,2001-01-12
156,흥업면,보촌 경로당,흥업면 흥업리 601-2, 남원로 39(흥업면),철근콘크리트,41,15,26,108.4,2015-08-31
157,흥업면,흥업2리 경로당,흥업면 흥업리 899-3, 자감길 7(흥업면),철근콘크리트/조적조,52,22,30,102.33,1998-05-01
158,흥업면,흥업3리(흥대) 경로당,흥업면 흥업리 1326-3, 흥대길 78-3(흥업면),철근콘크리트,32,14,18,140.7,2001-09-01
159,흥업면,흥업3리(밤골) 경로당 ,흥업면 흥업리 258-1, 안밤골길 45(흥업면),철근콘크리트,37,21,16,99.4,2017-11-01
160,흥업면,흥업4리 경동A 경로당 ,흥업면 흥업리 86 ," 울업1길 33(흥업면, 경동A)",철근콘크리트,45,20,25,46.8,2000-04-18
161,흥업면,흥업5리 남원주두산위브A 경로당,흥업면 흥업리 1827 ," 북원로 1600(흥업면, 두산위브A)",철근콘크리트,49,11,38,64.61,2009-04-07
162,흥업면,흥업6리 LH천년나무2A 경로당,흥업면 흥업리 1841 ," 남원로 52(흥업면, LH천년나무2A)",철근콘크리트,87,40,47,141.12,2009-04-07
163,흥업면,사제1리 경로당,흥업면 사제리 495-5, 사제로 422(흥업면),철근콘크리트,51,19,32,136.62,2002-05-14
164,흥업면,사제1리(삼성) 경로당,흥업면 사제리 1092-2, 삼성길 99-6(흥업면),조적조,27,11,16,132.12,2005-06-01
165,흥업면,사제1리(봉미) 경로당,흥업면 사제리 307-1, 봉미길 1-28(흥업면),철근콘크리트,16,8,8,90.2,2007-08-13
166,흥업면,사제2리 경로당,흥업면 사제리 611-4, 사제로 355(흥업면),철근콘크리트,56,22,34,130.1,2004-01-26
167,흥업면,사제3리(광터) 경로당,흥업면 사제리 1430-8, 광터길 141-50(흥업면),철근콘크리트,35,12,23,116.4,2008-09-04
168,흥업면,사제3리(요동) 경로당 ,흥업면 사제리 243, 요동길 74(흥업면),철근콘크리트,20,8,12,104.24,2009-09-24
169,흥업면,사제3리(팔포) 경로당,흥업면 사제리 1511-7, 팔포길 39-6(흥업면),철근콘크리트,22,8,14,99.81,2009-07-09
170,흥업면,사제4리 거장A 경로당,흥업면 사제리 337 ," 사제로 483(흥업면, 거장A)",철근콘크리트,21,7,14,36,1999-03-27
171,흥업면,대안1리 경로당 ,흥업면 대안리 728-3, 승안동길 178-2(흥업면),변색벽돌/경량철골구조,61,31,30,68.25,1988-09-30
172,흥업면,대안2리 경로당 ,흥업면 대안리 1013-1, 대안로 876(흥업면),철근콘크리트/경량철골구조,55,30,25,186.2,2010-06-11
173,흥업면,대안2리(해삼) 경로당,흥업면 대안리 950-2, 해삼터길 26-18(흥업면),경량철골구조,20,4,16,97.8,2010-02-02
174,흥업면,대안3리(술산) 경로당,흥업면 대안리 1450-6, 술미길 12-1(흥업면),철근콘크리트구조,19,9,10,150.68,2004-11-04
175,흥업면,대안3리(대수리) 경로당,흥업면 대안리 1726-6, 대수리길 23-2(흥업면),경량철골구조,31,13,18,106.56,2014-11-19
176,흥업면,매지1리 경로당,흥업면 매지리 405-6, 무수막1길 13(흥업면),조적조/스라브,38,15,23,68.13,1971-10-01
177,흥업면,매지1리(분지동) 경로당 ,흥업면 매지리 181-3, 분지동길 54(흥업면),경량철골조,16,8,8,124.56,1997-09-09
178,흥업면,매지1리세동 경로당,흥업면 매지리 1932-9, 세동길 40-1(흥업면),철근콘크리트,32,15,17,96.44,2017-05-25
179,흥업면,매남동 경로당(매지2리 경로당),흥업면 매지리 1238-1, 매남동길 3-2(흥업면),라멘조/스라브,16,5,11,44,1985-12-17
180,흥업면,매지2리(한촌) 경로당,흥업면 매지리 1141-27, 한촌길 10(흥업면),변색벽돌조,30,12,18,56.14,2002-01-04
181,흥업면,매지2리(미촌) 경로당 ,흥업면 매지리 945-5, 미촌길 40(흥업면),벽돌구조,21,7,14,102.42,2004-06-01
182,흥업면,매지3리(개건너) 경로당,흥업면 매지리 1730, 더덕골길 18-2(흥업면),철근콘크리트,43,18,25,174.44,2002-11-18
183,흥업면,매지3리(회촌) 경로당,흥업면 매지리 647-7, 매지회촌길 114-2(흥업면),철근콘크리트,29,9,20,94.41,2016-12-07
184,흥업면,매지4리 현대A 경로당 ,흥업면 매지리 1928 ," 세동길 13(흥업면, 현대A)",철근콘크리트,35,9,26,40.4,1996-05-16
185,흥업면,매지5리 청솔A 경로당,흥업면 매지리 1934 ," 세동길 51(흥업면, 청솔A)",철근콘크리트,17,11,6,136,2001-09-13
186,판부면,금대1리 경로당 ,판부면 금대리 903-3, 치악로 1048(판부면),철근콘크르트/경량철골조,46,20,26,101.22,2010-11-26
187,판부면,금대2리 경로당 ,판부면 금대리 507-4, 한여마을길 30-2(판부면),철근콘크리트,47,20,27,127.77,2011-10-17
188,판부면,금대3리 경로당,판부면 금대리 191-6, 치악로 689-33(판부면),철근콘크리트/조적조,27,15,12,109.2,1994-05-16
189,판부면,서곡1리 경로당,판부면 서곡리 468-1, 내남송길 5(판부면),조적조/스라브/경량철골조,53,26,27,111.62,1991-07-25
190,판부면,서곡1리(내남송) 경로당,판부면 서곡리 114, 내남송길 131-3(판부면),철근콘크리트,28,12,16,99.72,2003-07-21
191,판부면,서곡2리 경로당,판부면 서곡리 1130-7, 서평길 12(판부면),변색벽돌,42,21,21,65.52,1992-05-19
192,판부면,서곡3리 경로당,판부면 서곡리 803, 내도매길 77(판부면),변색벽돌/스라브/경량철골구조,50,29,21,130.53,1993-11-22
193,판부면,서곡4리개건너 경로당,판부면 서곡리 1289, 용수골길 221(판부면),변색벽돌,31,10,21,72,1990-12-12
194,판부면,서곡4리(내동막) 경로당,판부면 서곡리 1178-2, 내동막길 65(판부면),철근콘크리트,21,7,14,107.38,2007-12-01
195,판부면,후리사 경로당,판부면 서곡리 1386-8, 용수골길 308-8(판부면),철근콘크리트,45,19,26,111.93,2013-09-13
196,판부면,서곡5리 거장2차A 경로당,판부면 서곡리 5," 남원로 223(판부면, 거장2차A)",철근콘크리트,25,5,20,87,2002-03-13
197,판부면,서곡9리 원주더샾A 경로당,판부면 서곡리 9," 시청로 264(판부면, 원주더#A)",철근콘크리트,16,7,9,107,2006-09-29
198,판부면,신촌리 경로당,판부면 신촌리 880,판부신촌길 205(판부면),철근콘크리트구조/벽돌구조(2층) ,23,10,13,115.25,2010-06-04
199,판부면,서곡10리 경로당,판부면 서곡리 2023, 오성마을길 47-25(판부면),철근콘크리트구조,25,12,13,79.98,2017-02-20
200,판부면,남원주코아루미소지움A 경로당,판부면 서곡리 2048," 남원로 390, 106동 1층(판부면, 남원주코아루미소지움A)",철근콘크리트,29,16,13,86.3,2018-03-19
201,신림면,신림1리 경로당,신림면 신림리 599-1, 제원로 1413(신림면),철근콘크리트/조적조,59,26,33,160.03,2001-07-19
202,신림면,신림2리 경로당,신림면 신림리 101-5, 마지동길 64-1(신림면),조적조/경량철골구조(2층),59,23,36,89.52,1995-12-22
203,신림면,신림3리 경로당,신림면 신림리 345-1, 금옥길 27(신림면),철근콘크리트,29,14,15,100.38,2016-07-04
204,신림면,금창리 경로당,신림면 금창리 173-2, 치악로 309-70 (신림면),철근콘크리트/경량철골구조,59,29,30,125.88,2013-12-02
205,신림면,구학리 경로당,신림면 구학리 300, 방학동길 18(신림면),철근콘크리트/조적조,78,33,45,103.74,1995-07-11
206,신림면,용암1리 경로당,신림면 용암리 520-7, 삼봉1길 19(신림면),조적조/스라브/경량철골구조,47,20,27,87.95,1998-07-22
207,신림면,용암2리 경로당,신림면 용암리 743-6, 구학산로 1827(신림면),철근콘크리트,89,36,53,108.24,2017-07-28
208,신림면,용암3리 경로당,신림면 용암리 90-3, 연봉정길 22(신림면),철근콘크리트,51,19,32,92.4,1993-12-06
209,신림면,성남1리 경로당,신림면 성남리 398, 성남로 174(신림면),조적조,50,20,30,89.144,1995-11-15
210,신림면,성남2리 경로당,신림면 성남리 540-5, 성남로 286(신림면),조적조,34,16,18,102,1997-11-13
211,신림면,황둔송계 경로당,신림면 황둔리 333-3, 신림황둔로 1214(신림면),벽돌구조/경량철골구조,103,43,60,133.76,2003-09-15
212,신림면,황둔2리 경로당,신림면 황둔리 1555-14, 창촌길 3(신림면),철근콘크리트,50,21,29,133.56,2009-07-07
213,신림면,송계2리 경로당,신림면 송계리 482-4, 송계로 201(신림면),철근콘크리트/경량철골구조/조적조,48,19,29,117.6,1997-10-30
214,신림면,금창리 예찬마을 경로당,신림면 금창리 775,둔창예찬길 305(신림면),일반철골구조,30,17,13,96.69,2019-10-31
215,신림면,신림1리 본동 경로당,신림면 신림리 519-3,치악로 28-5,철근콘크리트구조,42,17,25,99.42,2020-07-28
216,중앙동,자유A 경로당,중앙동 56-44,"중앙시장길 11(중앙동, 자유A 3층)",철근콘크리트,43,19,24,72.24,1987-03-16
217,중앙동,중평 경로당,평원동 326-7,평원안길 20-2(평원동),철근콘크리트,64,23,41,149.87,1993-05-09
218,중앙동,중앙 경로당,"학성동 207-4,-5",충정길 5(학성동),벽돌구조,58,21,37,86.49,2007-06-05
219,중앙동,거북 경로당,학성동 950-3,거북길 31(학성동),경량목구조,40,16,24,87.98,2016-08-29
220,원인동,원인 경로당,원동 175-7,일산로 71-8(원동),세멘벽돌,34,10,24,47.83,1969-11-28
221,원인동,장수 경로당,원동 245-19외 1,무실로55번길 13-3(원동),벽돌구조,26,5,21,98.4,2001-11-21
222,원인동,원동1차A 경로당,원동 295,"무실로 121(원동, 원동1차A)",철근콘크리트/스라브,13,7,6,48.64,1987-11-25
223,원인동,원동2단지A 경로당,원동 296,"무실로 121(원동, 원동2차A)",철근콘크리트/스라브,29,0,29,48.6,1989-07-25
224,원인동,한주A 경로당,원동 273-1 한주A,"무실로 91(원동, 한주A)",철근콘크리트/스라브,25,6,19,70.2,1995-07-05
225,원인동,현진A 경로당,원동 274-4 현진A,"무실로47번길 34-1(원동, 현진A)",철근콘크리트/스라브,30,0,30,81.29,1996-11-01
226,원인동,진로A 경로당,원동 113-1 진로A,"남산로48번길 26(원동, 진로A)",철근콘크리트,32,6,26,49.971,1999-11-02
227,개운동,개운 경로당,개운동 407-6,도말리길 14-1(개운동) ,철근콘크리트/조적조(2층),50,30,20,80.36,1990-04-11
228,개운동,도말 경로당,개운동 411-16,치악로 1732-23(개운동),철근콘크리트,58,9,49,166.65,2006-10-20
229,개운동,부흥마을 경로당,개운동 318-5,남원로602번길 12-6 (개운동),철근콘크리트,40,13,27,92.37,2002-10-06
230,개운동,서초A 경로당,개운동 546-3 서초A,"개운4길 75(개운동, 서초A)",철근콘크리트,20,7,13,51.1,1999-05-01
231,개운동,개운현대A 경로당,개운동 322 개운현대A,"남원로606번길 2(개운동, 개운현대A)",철근콘크리트,43,12,31,42.7,1999-07-27
232,개운동,원흥3차A 경로당,개운동 328-1 원흥3차A,"치악로1735번길 56-13(개운동, 원흥3차A)",철근콘크리트,48,18,30,107.6,1994-01-15
233,개운동,현대힐스테이트A 경로당,개운동 28-1 ,"행구로 54(개운동, 원주힐스테이트)",철근콘크리트,39,18,21,80.3,2006-04-27
234,개운동,한신휴플러스A 경로당,개운동 441 ,"서원대로 389(개운동, 한신휴플러스1차A)",철근콘크리트,60,19,41,104.8,2006-12-22
235,개운동,개운LH1단지A 경로당,원주시 개운동 581-1,"개운로 30(개운동, LH개운1단지)",철근콘크리트,45,21,24,113.9,2010-09-10
236,개운동,개운LH2단지A 경로당,개운동 581-2 ,"개운로 20(개운동, LH개운2단지A)",철근콘크리트,26,12,14,100.51,2010-05-30
237,개운동,개운LH3단지A 경로당,개운동 578-1 ,남원로606번길 22(LH개운3단지),철근콘크리트,37,7,30,64.4,2010-05-10
238,개운동,원흥1차A 경로당,개운동 433-9 ,"송림길 3, 2동 104호(개운동, 원흥 A)",철근콘크리트,34,13,21,70.504,1990-08-24
239,개운동,세경2차A 경로당,원주시 개운동 203-70,"강변로 353, 2동 108호(개운동, 세경2차A)",철근콘크리트,61,18,43,59.4,1988-06-24
240,개운동,덕산아파트 경로당,개운동 118-26,"치악로 1777, 111호",철근콘크리트,53,20,33,59.68,1992-10-09
241,명륜1동,교동 경로당,명륜동 152,남산로48번길 56(명륜동),조적조/경량철골조(2층),37,13,24,87.03,1994-06-29
242,명륜1동,명륜 경로당(명일경로당),명륜동 65-4,향교길 110-1(명륜동),세면블록,50,23,27,114.66,1982-11-25
243,명륜1동,향교마을 경로당,명륜동 254-7,교촌길 11-6(명륜동),철근콘크리트,42,15,27,154.63,2003-05-01
244,명륜1동,세경A 경로당,명륜동 90-1 세경A,"남원로 661(명륜동, 세경A)",경량철골조,38,7,31,62.5,1998-09-28
245,명륜1동,동성A 경로당,명륜동 147-1 동성A,"무실로55번길 65(명륜동, 동성A)",철근콘크리트,23,9,14,102,1992-06-23
246,명륜1동,성원A 경로당,명륜동 802 성원A,"무실로 155(명륜동, 성원A)",철근콘크리트,29,13,16,194.82,2000-08-12
247,명륜1동,치악맨션 경로당,명륜동 26 치악맨션,"치악로 1803(명륜동, 치악맨션)",철근콘크리트,49,17,32,43.68,1983-01-24
248,명륜1동,대성현대A 경로당,명륜동 124-8 대성현대A,"향교길 53(명륜동, 대성현대A)",철근콘크리트,19,8,11,71.83,1990-03-30
249,명륜1동,현대1차A 경로당,명륜동 205-37 현대1차A,"남산로 30(명륜동, 현대A)",조적조/철근콘크리트,63,25,38,99,1990-05-14
250,명륜1동,종각 경로당,명륜동 309-16,종각길 16-6(명륜동),경량철골조,28,8,20,98.01,2002-09-27
251,명륜2동,단구1차A 경로당,명륜동 376 단구1차A,"남원로527번길 61(명륜동, 단구1차A)",철근콘크리트,30,5,25,82.7,1988-10-15
252,명륜2동,단구2차A 경로당,명륜동 480 단구2차A,"남원로527번길 23(명륜동, 단구2차A)",철근콘크리트,26,15,11,49.5,1989-03-10
253,명륜2동,명륜2단지A 경로당,명륜동 705 명륜2단지A,"예술관길 31(명륜동, 명륜2단지)",철근콘크리트,45,6,39,201.11,2006-11-20
254,명륜2동,삼성A 경로당,명륜동 547 삼성A,"예술관길 15(명륜동, 삼성A)",철근콘크리트,34,11,23,78,1990-11-16
255,명륜2동,은행A 경로당,명륜동 549 은행A,"남원로527번길 35(명륜동, 은행A)",철근콘크리트,19,6,13,67.8,1990-03-19
256,명륜2동,현대2차A 경로당,단구동 1589-1,"서원대로 308(명륜동, 현대2차A)",철근콘크리트,22,5,17,55.66,1989-04-19
257,명륜2동,영진3차A 경로당,명륜동 774,"서원대로길 306(명륜동, 영진3차A)",철근콘크리트,22,7,15,67.04,1993-05-06
258,명륜2동,행.명A 경로당,명륜동 710 행운.명륜A,"예술관길 32(명륜동, 행운·명륜3차A)",철근콘크리트,38,5,33,87.4,1993-03-20
259,명륜2동,청구1단지A 경로당,명륜동 847-1 ,"남원로469번길 81(명륜동, 청구1단지)",철근콘크리트,17,5,12,87.4,1995-04-23
260,명륜2동,청구2단지A 경로당,명륜동 847-3 ,"남원로 441(명륜동, 청구2단지)",철근콘크리트,30,15,15,79.2,1995-03-27
261,명륜2동,동보렉스9차A 경로당,명륜동 848-1 ,"남원로469번길 82(명륜동, 동보렉스9차A)",철근콘크리트,24,8,16,79.02,2001-04-16
262,명륜2동,동보노빌리티1차A 경로당,명륜동 847-5 ,"시청로 255(명륜동, 동보노빌리티1차A)",철근콘크리트,31,14,17,120.25,2001-09-14
263,명륜2동,동보노빌리티2차A 경로당,명륜동 847-4 ,"시청로 267(명륜동, 동보노빌리티2차A)",철근콘크리트,27,9,18,120.25,2002-05-18
264,명륜2동,현진에버빌3차A 경로당,강원 원주시 명륜동 847-2,"남원로 443(명륜동, 현진에버빌3차A)",철근콘크리트,11,3,8,180,2004-09-17
265,명륜2동,한솔솔파크A 경로당,명륜동 765 ,"한지공원길 102(명륜동, 한솔솔파크A)",철근콘크리트,23,6,17,102.2,2006-07-31
266,명륜2동,용화 경로당,명륜동 850-1,한지공원길 25-20(명륜동),철근콘크리트,19,8,11,83.1,2013-08-22
267,명륜2동,서원 경로당,명륜동 536,남원로527번길 6-4(명륜동),철근콘크리트/연와조/스라브,37,21,16,90.3,1992-07-23
268,명륜2동,원주시 시각장애인 경로당,명륜동 442,남원로 527번길 6-49(명륜동),"벽돌구조, 철근콘크리트",42,17,25,82.89,1992-08-30
269,단구동,단구 경로당,단구동 140-3,원주시 치악로1580번길 7(단구동),라멘조,25,12,13,139.32,1993-05-06
270,단구동,강변 경로당,단구동 195-14,단사정길 106(단구동),조적조(변색벽돌),24,8,16,83.44,2005-02-14
271,단구동,관후 경로당,단구동 1465-3,송림길 52-4(단구동),철근콘크리트,56,20,36,97.56,2016-05.02
272,단구동,치악 경로당,단구동 1474-2,치악로1534번길 12-1(단구동),변색벽돌,26,7,19,98.16,1997-11-14
273,단구동,원흥4차A 경로당,단구동 187-3 원흥4차A,"치악로 1634(단구동, 원흥4차A)",철근콘크리트,22,3,19,172.4,1995-10-25
274,단구동,대흥A 경로당,단구동 1467 대흥A,"단구초교길 19(단구동, 대흥A)",철근콘크리트,41,6,35,126.72,1993-01-12
275,단구동,동주A 경로당,단구동 186-13 동주A,"치악로 1652(단구동, 동주A)",철근콘크리트,32,7,25,40,1980-05-27
276,단구동,청솔4차A 경로당,단구동 1684-1 청솔4차A,"단구로 416(단구동, 청솔4차A)",철근콘크리트,34,10,24,63,2001-02-06
277,단구동,한일A 경로당,단구동 1517-2 한일A,"남원로 526(단구동, 한일A)",철근콘크리트,30,5,25,68.4,1997-06-26
278,단구동,두산A 경로당,단구동 1520 두산A,"남원로 496(단구동, 두산A)",철근콘크리트,24,6,18,73.44,1997-04-29
279,단구동,현대1차A 경로당,단구동 1517-4 현대1차A,"남원로 492(단구동, 현대1차A)",철근콘크리트,28,9,19,73.64,1997-08-18
280,단구동,통일장수회 경로당,단구동 554-2 통일A,"치악로 1692(단구동, 통일A)",철근콘크리트,26,10,16,49.5,1999-12-31
281,단구동,대림A 경로당,단구동 1517-1 대림A,"남원로 524(단구동, 대림A)",철근콘크리트,31,0,31,87.3,1997-12-20
282,단구동,성일A 경로당,단구동 1589-4 성일A,"단구로 418(단구동, 성일A)",철근콘크리트,40,6,34,65,1998-06-22
283,단구동,구곡현대2차A 경로당,단구동 1589-1,"늘픔로 16(단구동, 현대2차A)",철근콘크리트,11,1,10,90,1998-11-19
284,단구동,현진에버빌2차A 경로당,단구동 1588-1,"늘픔로 36(단구동, 현진에버빌2차A)",철근콘크리트,0,,,48.75,2002-07-30
285,단구동,유승A 경로당,단구동 1478-4 유승A,"강변로 119(단구동, 유승A)",철근콘크리트,20,6,14,92,2003-06-30
286,단구동,동보5차A 경로당,단구동 1026-24 동보렉스5차A,"남원로534번길 50, B-105(단구동, 동보렉스5차A)",철근콘크리트,25,7,18,52.47,1991-11-29
287,단구동,현진에버빌1차A 경로당,단구동 1612 현진에버빌1차A,"나비허리길 22(단구동, 현진에버빌1차A)",철근콘크리트,25,9,16,115.65,2001-05-17
288,단구동,청솔1차A 경로당,단구동 1589-2,"늘픔로 6(단구동, 청솔1차A)",철근콘크리트,17,1,16,64.49,2000-07-13
289,단구동,현진5.6차A 경로당,단구동 1682-1 현진에버빌5차A,"단구로 416(단구동, 현진에버빌5차A)",철근콘크리트,28,12,16,86.48,2006-01-17
290,단구동,세경웰러스A 경로당,단구동 1589-3 세경웰러스A,"단구로 424(단구동, 세경웰러스A)",철근콘크리트,10,2,8,108,2005-07-19
291,단구동,청솔2차A 경로당,단구동 1588-4 청솔2차A,"단구로 408(단구동, 청솔2차A)",철근콘크리트,24,6,18,76.28,2000-11-15
292,단구동,청솔7차A 경로당,단구동 1517-3 청솔7차A,"남원로 494(단구동, 청솔7차A)",철근콘크리트,31,8,23,90,2002-12-23
293,단구동,한신2차A 경로당,단구동 1461 한신2차A,"서원대로 427(단구동, 한신2차A)",철근콘크리트,25,5,20,78,2006-11-22
294,단구동,신성미소지움A 경로당,단구동 1604-1 신성미소지움A,"나비허리길 57(단구동, 신성미소지움A)",철근콘크리트,23,6,17,68.773,2006-12-26
295,단구동,단관중앙하이츠A 경로당,단구동 1702 중앙하이츠A,"단관공원길 111(단구동, 중앙하이츠A)",철근콘크리트,22,10,12,150,2008-10-24
296,단구동,해청A 경로당,강원 원주시 단구동 587-1,"늘픔로 120(단구동, 해청A)",철근콘크리트,23,7,16,43.56,1991-12-16
297,단구동,청솔3차A 경로당,단구동 1679 청솔3차 A,"단구로 406(단구동, 청솔3차A)",철근콘크리트,18,4,14,122.72,2000-12-14
298,단구동,천매 경로당,단구동 1592,남원로442번길 47(단구동),철근콘크리트,31,10,21,104.56,2012-11-23
299,단구동,세경5차A 경로당,단구동 1588-3 세경5차A,"단구로 412(단구동, 세경5차A)",철근콘크리트,30,8,22,80,2001-11-20
300,단구동,개화원 경로당,단구동 1594-2,단관길 67-21(단구동),철근콘크리트,36,24,12,85.92,2014-11-27
301,단구동,소담 경로당,단구동 627-62,치악로 1641-5(단구동),,23,0,23,65.52,2017-01-01
302,단구동,한신더휴A 경로당,단구동 1451,"단구로 250(단구동, 한신더휴A)",철근콘크리트,40,10,30,,2017-11-29
303,일산동,일산 경로당,일산동 228-30,동진골3길 16(일산동),철근콘크리트,51,29,22,190.48,2003-12-23
304,일산동,원일 경로당,일산동 345-2,남산로 95-1(일산동),철근콘크리트,22,7,15,84.81,2017-12-11
305,일산동,일광오 경로당,일산동 247-137 일산연립,"남산로149번길 18(일산동, 일산연립)",철근콘크리트,46,12,34,78.64,1985-08-10
306,일산동,우보삼성A 경로당,일산동 333-3 우보삼성A,"남산로 103(일산동, 우보삼성A)",철근콘크리트,31,6,25,81.85,1993-01-20
307,일산동,신진빌리지A 경로당,일산동 272-3 신진빌리지A,"천사로 130(일산동, 신진빌리지)",철근콘크리트,18,9,9,82.6,1990-10-30
308,일산동,원흥2차A 경로당,일산동 355-1 원흥2차A,"무실로 130(일산동, 원흥2차A)",철근콘크리트,18,3,15,59.5,1992-06-09
309,일산동,국제A 경로당,일산동 247-162 국제A,"남산로 141(일산동, 국제A)",철근콘크리트,25,3,22,93.88,2001-07-25
310,일산동,치악 경로당,일산동 184-1,옛시청길 11(일산동),벽돌조적조,30,23,7,106.75,1981-06-21
311,일산동,두진하트리움시티아파트 경로당,일산동 365,천사로 189(일산동),철근콘크리트구조,47,23,24,109.3,2019-05-17
312,학성동,학일 경로당,학성동 271-15,유문1길 5-2(학성동),철근콘크리트구조,32,12,20,100.86,2003-12-11
313,학성동,광명 경로당,학성동 1008-132,광명마을길 34(학성동),세멘벽돌/스라브/경량철골/조립식판넬,52,21,31,98.65,1983-02-23
314,학성동,서부 경로당,학성동 983-6,송계1길 22-17(학성동),연와조/스라브,39,8,31,102.69,1988-06-07
315,학성동,삼천리1차A 경로당,학성동 1032-6 삼천리1차A,"학성길 46(학성동, 삼천리1차A)",철근콘크리드,37,14,23,77,1991-06-08
316,학성동,삼천리2차A 경로당,학성동 1032-9 삼천리2차A,"학성길 54(학성동, 삼천리2차A)",철근콘크리트,26,7,19,102,1993-06-25
317,학성동,삼천리3차A 경로당,학성동 1031 삼천리3차A,"학성길38(학성동, 삼천리3차A)",철근콘크리드,24,6,18,64.8,1997-12-08
318,학성동,영진로얄타운 경로당,학성동 1050,"남산로218번길 28-3(학성동, 영진로얄타운)",철근콘크리드,31,8,23,72,1994-11-17
319,학성동,영진로얄맨션 경로당,학성동 1056-1,"옛시청길 30(학성동, 영진로얄맨션)",철근콘크리트,34,15,19,82.015,1991.12.24
320,학성동,원문 경로당,학성동 1023-38,원문로69번길 21(학성동),변색벽돌,24,6,18,90.71,1989-11-14
321,단계동,단계 경로당,단계동 147-15,원문로 117-1(단계동),철근콘크리트,39,1,38,199,1983-07-29
322,단계동,단계A 경로당,단계동 793 단계A,"서원대로 205(단계동, 단계A)",철근콘크리트,29,11,18,109.09,1985-09-02
323,단계동,모란 경로당,단계동 78-6 ,모란1길 17-6(단계동),벽돌구조,33,9,24,90.15,2010-09-17
324,단계동,동보렉스3차A 경로당,단계동 111-4 동보렉스3차A,"원문로 158(단계동, 동보렉스3차A)",철근콘크리트,31,7,24,27.08,1990-05-15
325,단계동,동보렉스4차A 경로당,단계동 111-47 동보렉스4차A,"원문로 160, 201-104(단계동, 동보렉스4차A)",철근콘크리트,25,8,17,73,1991-05-15
326,단계동,라이프A 경로당,단계동 808-1 라이프타운,"백간길 72(단계동, 라이프타운)",철근콘크리트,40,16,24,131.58,1993-11-29
327,단계동,롯데A 경로당,단계동 807 롯데A,"백간길 53(단계동, 롯데A)",철근콘크리트,34,19,15,152.06,1993-11-24
328,단계동,벽산A 경로당,단계동 809 벽산A,"백간길 80(단계동, 벽산A)",P.C,25,10,15,91.5,1993-11-17
329,단계동,삼익A 경로당,단계동 808 삼익A,"봉화로 74(단계동, 삼익A)",철근콘크리트,45,20,25,75.6,1993-11-12
330,단계동,은행A 경로당,단계동 806 은행A,"원문로 175(단계동, 은행A)",철근콘크리트,30,8,22,89.5,1994-11-03
331,단계동,현대3차A 경로당,단계동 507 현대3차A,"원문로 176(단계동, 현대3차A)",철근콘크리트,21,3,18,64.8,1992-10-26
332,단계동,현진A 경로당,단계동 806-1 현진A,"봉화로 122(단계동, 현진A)",철근콘크리트,28,10,18,82.64,1993-11-29
333,단계동,세경A 경로당,단계동 807-1 세경A,"백간길 63(단계동, 세경A)",철근콘크리트,23,4,19,114.8,1996-01-11
334,단계동,성일A 경로당,단계동 1084-1 성일A,"모래내길 50(단계동, 성일A)",철근콘크리트,20,6,14,79,1995-01-01
335,단계동,이편한세상A 경로당,단계동 1095-1 이편한세상A,"봉화로 67(단계동, 이편한세상A)",철근콘크리트,59,13,46,83.52,2006-10-12
336,단계동,이안A 경로당,단계동 1166 대우이안A,"모란1길 51(단계동, 대우이안A)",철근콘크리트,42,15,27,198,2007-08-14
337,단계동,봉화산주공A 경로당,단계동 1096 봉화산주공A,"백간길 16(단계동, 봉화산주공A)",철근콘크리트,21,7,14,97.93,2008-05-02
338,단계동,샘둔지 경로당,단계동 778-4,"천사로 106, 204호(단계동, 하나비바채)",철근콘크리트,27,10,17,67.82,1982-12-23
339,단계동,무상 경로당,단계동 493-12,무상길 27(단계동),철근콘크리트구조,45,19,26,99.5,2016-06-02
340,단계동,단계택지 경로당,단계동 831-1,금불1길 24-12(단계동),철근콘크리트조/조적조(2층),33,19,14,127.8,1994-12-14
341,단계동,봉화산벨라시티A 경로당,단계동 1215,백간길 17(단계동),철근콘크리트,60,23,37,158.5,2016-10-14
342,단계동,봉화산푸르지오A 경로당,단계동 1184,봉화서부로 11(단계동),철근콘크리트,35,13,22,186.5,2017-11-13
343,우산동,우산 경로당,우산동 90-13,북원로2485번길 8(우산동),조적조스라브,21,5,16,112.23,1995-04-10
344,우산동,상지 경로당,우산동 122-1,상지대길 34-11(우산동),조적조스라브,33,16,17,115.5,1992-10-19
345,우산동,백운 경로당,우산동 195-6,우무개2길 37-1(우산동),쎄멘부럭,24,8,16,66,1987-04-07
346,우산동,우두산 경로당,우산동 458-9,우산공단길 153(우산동),조적조,28,8,20,89.86,2000-08-12
347,우산동,동보렉스1차A 경로당,우산동 333-9 동보렉스1차A,"진광길 24, 101-103(우산동, 동보렉스1차A)",철근콘크리트,55,38,17,52.8,1988-11-30
348,우산동,동보렉스2차A 경로당,우산동 333-48 동보렉스2차A,"우산공단길 25(우산동, 동보렉스2차A)",철골조,28,11,17,66.645,1989-05-29
349,우산동,삼호A 경로당,우산동 130-1 삼호A,"북원로2425번길 41(우산동, 삼호A)",철골조,35,14,21,99,1990-12-22
350,우산동,덕원A 경로당,우산동 157 덕원A,"원문로100번길 90(우산동, 덕원A)",철골조,36,9,27,144,1992-08-27
351,우산동,한라비발디1차A 경로당,우산동 818 한라비발디1차A,"모란1길 86(우산동, 한라비발디1차A)",철근콘크리트,36,15,21,101.676,2009-09-24
352,우산동,한라비발디2차A 경로당,우산동 823 한라비발디2차A,"봉화로 231(우산동, 한라디발디2차A)",철근콘크리트,28,13,15,113.7,2014-09-29
353,우산동,우산1통 경로당,우산동 152-18,북원로2425번길 25-21(우산동),철근콘크리트,29,9,20,121.08,2012-08-30
354,우산동,신일유토빌A 경로당,우산동 821,"우산공단길 23(우산동, 신일유토빌)",철근콘크리트,45,16,29,108.036,2012-02-08
355,우산동,우산동가현5통 경로당,가현동 454-3,점실길 10(가현동),벽돌구조/경량철골조(2층),40,23,17,98.28,1998-05-20
356,우산동,웃골 경로당,가현동 692,저금어지길 311-12(가현동),경량철골구조,21,9,12,98.75,2014-10-08
357,우산동 ,동심 경로당,우산동 294-6,우무개로 35-10,"변색벽돌, 철근콘크리트",42,18,24,172.1,1990-01-25
358,태장1동,새동네 경로당,태장동 1346-109,새동네1길 52(태장동),세멘벽돌,56,14,42,107.19,1992-04-18
359,태장1동,태일 경로당,태장동 730-1,가매기길 17-2(태장동),철근콘크리트,60,26,34,187,1982-12-13
360,태장1동,현대A 경로당,태장동 682 현대A,"현충로58번길 29(태장동, 현대A)",철근콘크리트,26,9,17,120.24,1995-10-30
361,태장1동,동보렉스A 경로당,태장동 128-1 동보렉스A,"치악로 2035(태장동, 동보렉스7차A)",철근콘크리트,44,13,31,187.56,1997-11-30
362,태장1동,성호A 경로당,태장동 129-7 성호A,"치악로 2047(태장동, 성호A)",철근콘크리트,33,7,26,71.85,1998-10-29
363,태장1동,성호샤인힐즈A 경로당,태장동 128-9 성호샤인힐즈A,"현충로58번길 71(태장동, 성호샤인힐즈A)",철근콘크리트,33,13,20,140.8,2004-12-10
364,태장1동,흥화브라운빌A 경로당,태장동 2716 흥화브라운빌A,"현충로58번길 21(태장동, 흥화브라운빌A)",철근콘크리트,18,8,10,84.05,2006-09-01
365,태장1동,태장LH천년나무5단지A 경로당,태장동 131 태장LH천년나무5단지A,"치악로 2050(태장동, 태장LH천년나무5단지A)",철근콘크리트,59,29,30,103.6,2018-01-17
366,태장동,태장동 경로당,태장동 1377-14,북원상가길 19-14(태장동),철근콘크리트/스라브/경량철골구조(2층),64,12,52,132.65,1985-04-20
367,태장동,구룡 경로당,태장동 548 정암A,"흥양로 98(태장동, 정암A)",철근콘크리트,37,13,24,99,1987-12-28
368,태장동,우성1차A 경로당,태장동 2210 우성1차A,"적동1길 11(태장동, 우성1차A)",철근콘크리트,39,13,26,161,1989-06-16
369,태장동,우성2차A 경로당,태장동 1266-6 우성2차A,"현충로 304-1(태장동, 우성2차A)",철근콘크리트,44,10,34,111.26,1993-10-06
370,태장동,북원장수 경로당,태장동 산59-1,현충로 280-6(태장동),변색벽돌/스라브,30,15,15,85.81,1988-02-27
371,태장동,불로 경로당,태장동 971-18 상록A,"현충로 234(태장동, 상록프라자A)",철근콘크리트,25,10,15,52,1992-04-28
372,태장동,영진2차A 경로당,태장동 891-1 영진2차A,"현충로 157(태장동, 영진2차A)",철근콘크리트,38,10,28,89,1992-05-26
373,태장동,대흥2차A 경로당,태장동 1040-8 대흥2차A,"흥양로 30(태장동, 대흥2차A)",철근콘크리트,44,11,33,119,1996-05-22
374,태장동,백운2차A 경로당,태장동 2252 백운2차A,"적동1길 31(태장동, 백운2차A)",철근콘크리트,40,16,24,52,1995-03-02
375,태장동,백운3차A 경로당,태장동 1836 백운3차A,"북원로 2680(태장동, 백운3차A)",철근콘크리트,40,8,32,164.38,2000-09-23
376,태장동,주공1차A 경로당,태장동 2705 주공1차A,"흥양로51번길 22(태장동, 태장주공1차A)",철근콘크리트,16,7,9,69,1998-01-15
377,태장동,주공2차A 경로당,태장동 2708 주공2차A,"흥양로51번길 18(태장동, 태장주공2차A)",철근콘크리트,22,8,14,128,1998-01-15
378,태장동,주공3차A 경로당,태장동 2708 주공3차A,"흥양로51번길 16(태장동, 태장주공3차A)",철근콘크리트,41,15,26,69,1998-01-15
379,태장동,주공4차A 경로당,태장동 2719-1 주공4차A,"흥양로51번길 20(태장동, 태장주공4차A)",철근콘크리트,28,7,21,90.87,2008-05-06
380,태장동,삼정백조A 경로당,태장동 551 삼정백조A,"흥양로102번길 20(태장동, 삼정백조A)",철근콘크리트,23,3,20,123,1997-10-09
381,태장동,금광포란재A 경로당,태장동 580 금광포란재A,"포란재로 36(태장동, 금광포란재A)",철근콘크리트,14,3,11,138.2,2006-02-20
382,태장동,두진백로A 경로당,태장동 546 두진백로A,"흥양로 64(태장동, 두신백로A)",철근콘크리트,35,3,32,79,1999-08-02
383,태장동,요진보네르카운티2차A 경로당,태장동 2717 ,"현충로 295(태장동, 요진보네르카운티2차A)",철근콘크리트,14,3,11,84.18,2007-09-07
384,태장동,신촌 경로당,태장동 2129,신촌길 21-3(태장동),세면벽돌,58,33,25,79.7,1978-12-16
385,태장동,거릿대 경로당,태장동 436-1,흥양로51번길 69-1(태장동),철근콘크리트구조,51,27,24,99.27,2012-09-03
386,태장동,절골 경로당,태장동 1498,적동2길 25-9(태장동),철근콘크리트조,57,31,26,90.54,2015-07-21
387,태장동,태봉 경로당,태장동 1395-11,현충로318번길 28(태장동),조적조/변색벽돌,49,19,30,78.93,2015-07-21
388,태장동,가현 경로당,가현동 209,호저로 200-1(가현동),철근콘크리트구조,50,18,32,257.25,2014-08-19
389,태장동,가청 경로당,가현동 127-2,가현로 45(가현동),철근콘크리트구조,42,13,29,131.16,2009-09-28
390,태장동,뉴스테이A 경로당,태장동 1720-48,태장공단길 54-14 (관리동 1층),철근콘크리트,25,11,14,63,2014-10-31
391,태장동,e편한세상원주태장 경로당,태장동 2731,현충로 232번길 42,철근콘크리트,26,12,14,139.35,2018-12-24
392,봉산동,봉일 경로당,봉산동 1025-6,치악로 1921(봉산동),철근콘크리트조,51,17,34,225.04,1994-04-12
393,봉산동,봉이 경로당,봉산동 916-12,봉천길 39-13(봉산동),붉은벽돌,72,16,56,145.88,1992-11-16
394,봉산동,배말타운A 경로당,봉산동 1203-1 배말타운A,"치악로 1883(봉산동, 배말타운A)",철근콘크리트,57,8,49,67.45,2005-01-03
395,봉산동,삼익A 경로당,봉산동 1201 삼익A,"행구로 84(봉산동, 삼익A)",철근콘크리트,52,16,36,132.06,1995-07-14
396,봉산동,동신A 경로당,봉산동 1201-2 동신A,"행구로 102(봉산동, 동신A)",조적조,28,3,25,52.65,1998-03-12
397,봉산동,살대울 경로당,봉산동 441-1,살대울모래기길 13-3(봉산동),변색벽돌/경량철골조(2층),27,14,13,188.51,1994-12-26
398,봉산동,번재 경로당,봉산동 730-1,번재길 217(봉산동),철근콘크리트,47,18,29,125.1,2016-12-21
399,봉산동,화시래 경로당,강원 원주시 봉산동 55,화실유암길 92-16(봉산동),경량철골구조,41,13,28,162.08,1993-09-16
400,봉산동,삼광 경로당,봉산동 833-9,봉산로 135(봉산동),철근콘크리트,51,23,28,199.8,2000-10-26
401,봉산동,현대A 경로당,봉산동 1182 현대A,"봉산로 82(봉산동, 현대A)",철근콘크리트,47,13,34,43.072,1993-12-17
402,봉산동,봉천 경로당,봉산동 1136-2,봉산로 22-9(봉산동),기타강구조,49,21,28,107.47,2004-06-17
403,행구동,거음터 경로당,행구동 548,웃거름터길 3(행구동),조적조(변색벽돌),59,28,31,102.66,1993-12-06
404,행구동,신월랑 경로당,행구동 666-5,고문골길 1(행구동),철근콘크리트슬라브,64,29,35,142.42,1992-06-11
405,행구동,행구촌 경로당,행구동 1300,살구둑길 19-2(행구동),철근콘트리트/스라브,35,18,17,111.65,1987-11-30
406,행구동,오리현 경로당,행구동 943-1,행구덕현길 70(행구동),철근콘트리트구조,29,11,18,110.61,2015-10-06
407,행구동,행구동 경로당,행구동 1663-11,영랑길 109(행구동),조적조,51,25,26,104.31,1992-08-05
408,행구동,건영A 경로당,행구동 1850 건영A,"행구로 287(행구동, 건영A)",철근콘크리트벽식조슬라브구조,79,24,55,144.29,1996-03-28
409,행구동,현대A 경로당,행구동 1658-4 현대A,"행구로 216(행구동, 현대A)",철근콘크리트벽식조슬라브구조,45,17,28,115,1997-09-10
410,행구동,금강아미움A 경로당,행구동 1815-1 금강아미움A,"행구로 140(행구동, 금강아미움A)",철근콘크리트,25,13,12,155.79,2007.12.31
411,행구동,효성백년가약A 경로당,행구동 1851 효성백년가약A,"번재길 32(행구동, 효성백년가약A)",철근콘크리트,59,23,36,87.141,2009-05-29
412,무실동,이화마을 경로당,단계동 909,서원대로 234(단계동),철근콘크리트,41,15,26,126.42,2010-10-07
413,무실동,코오롱A 경로당,단계동 880 코오롱A,"로아노크로 15(단계동, 코오롱A )",철근콘크리트,14,2,12,44.6,1994-10-15
414,무실동,무실본동 경로당,무실동 1826,무실로 323(무실동),철근콘크리트,23,11,12,142.56,2010-12-22
415,무실동,무실3통 경로당,무실동 835-9,둔전길 182(무실동),철근콘크리트구조,40,18,22,99.66,2005-08-25
416,무실동,요진보네르카운티A 경로당,무실동 1640 요진보네르카운티A,"시청로 64(무실동, 요진보네르카운티1차A)",철근콘크리트,49,16,33,110.25,2004-12-07
417,무실동,무실주공1단지A 경로당,무실동 1649 주공무실1단지,"시청로 68(무실동, 주공무실1단지)",철근콘크리트,26,8,18,89.28,2004-06-30
418,무실동,뜨란채A 경로당,무실동 1651 뜨란채A 201동(1층),"시청로 90(무실동, 뜨란채A)",철근콘크리트,28,7,21,117,2006-08-14
419,무실동,무실주공3단지A 경로당,무실동 1645 무실주공3단지,"시청로 92(무실동, 무실주공3단지)",철근콘크리트,35,13,22,136.07,2003-04-14
420,무실동,무실주공4단지A 경로당,무실동 1644 무실주공4단지,"시청로 88(무실동, 무실주공4단지)",철근콘크리트,19,8,11,90,2001-11-07
421,무실동,무실주공5단지A 경로당,무실동 1713 무실주공5단지,"만대로 96(무실동, 무실주공5단지)",철근콘크리트,13,3,10,71.34,2008-11-26
422,무실동,무실6단지휴먼시아A 경로당,무실동 1715-1 무실6단지 휴먼시아,"만대로 119(무실동, 무실주공6단지)",철근콘크리트,21,11,10,200.64,2010-05-10
423,무실동,무실주공7단지A 경로당,무실동 1716-1 무실주공7단지,"시청로 40(무실동, 무실7주공단지)",철근콘크리트,20,6,14,102,2009-05-07
424,무실동,무실8단지A 경로당,무실동 1790 무실8단지 엘에치A내,"무실로 300(무실동, 무실주공8단지)",철근콘크리트,18,2,16,145.99,2010-10-11
425,무실동,무실이편한세상A 경로당,무실동 1714 무실이편한세상A 201동,"만대로 89(무실동, 이편한세상A)",철근콘크리트,14,6,8,173.8,2009-01-12
426,무실동,부영A 경로당,무실동 1846-5,"무실로 380(무실동, 사랑으로 부영A)",철근콘크리트,15,5,10,110.0471,2012-07-20
427,무실동,무실우미린A 경로당,무실동 1868-6,"무실로 455(무실동, 우미린A)",철근콘크리트,20,9,11,132.8165,2014-09-11
428,무실동,무실세영리첼1차A 경로당,무실동 1861-1,"무실로 382(무실동, 세영리첼1차A)",철근콘크리트,30,19,11,98.4655,2014-06-24
429,무실동,무실세영리첼2차A 경로당,무실동 1868-1,"무실로 415(무실동, 세영리첼2차A)",철근콘크리트,23,6,17,107.56,2015-06-08
430,반곡관설동,봉대 경로당,반곡동 357-4,봉대길 55(반곡동),변색벽돌,38,19,19,84.42,1988-12-07
431,반곡관설동,반곡 경로당,반곡동 1575-2,입춘내길 52-25(반곡동),세멘브럭,32,13,19,64.8,1980-09-24
432,반곡관설동,관설 경로당,"관설동 619-4,619-5",섭재삼보길 40-15(관설동),경량철골구조,70,27,43,199.68,2011-07-08
433,반곡관설동,볼눈 경로당,관설동 743,학마을길 38(관설동),철근콘크리트조/경량철골조,63,23,40,104,1998-10-12
434,반곡관설동,청솔5차A 경로당,관설동 1774-3 청솔5차A,"시청로 524(관설동, 청솔5차A)",철근콘크리트,29,11,18,66.5,2001-10-30
435,반곡관설동,청솔6차A 경로당,관설동 1713-1 청솔6차A,"단관초교길 9(관설동, 청솔6차A)",철근콘크리트,22,4,18,90.41,2002-06-28
436,반곡관설동,청솔8차A 경로당,관설동 1713-3 청솔8차A,"나비허리길 188(관설동, 청솔8차A)",철근콘크리트,26,5,21,93.341,2002-11-30
437,반곡관설동,라옹정 경로당,관설동 1693,단관길 167(관설동),철근콘크리트조/스라브,54,22,32,145.24,1999-04-08
438,반곡관설동,코아루A 경로당,관설동 1774-4 코아루A,"시청로 496(관설동, 코아루A)",철근콘크리트,25,10,15,85.63,2005-03-05
439,반곡관설동,섭재 경로당,관설동 440-1,섭재삼보길 96(관설동),철근콘크리트,73,30,43,121.5,1992-11-16
440,반곡관설동,삼보 경로당,반곡동 678,섭재삼보길 203(반곡동),조적조(변색벽돌)/스라브,32,14,18,46.06,1994-01-07
441,반곡관설동,벽산블루밍A 경로당,반곡동 1800 벽산블루밍A,"반곡길 48(반곡동, 벽산블루밍1차A)",철근콘크리트,28,9,19,74,2008-03-21
442,반곡관설동,반곡아이파크A 경로당,반곡동 1805 반곡아이파크A,"늘품로 199(반곡동, 반곡아아파크A)",철근콘크리트,36,13,23,198.77,2008-03-27
443,반곡관설동,푸른숨LH11단지 경로당,반곡동 1816-2 푸른숨11단지,"혁신로 400(반곡동, 푸른숨11단지)",철근콘크리트,28,10,18,154.72,2014-10-24
444,반곡관설동,힐데스하임A 경로당,반곡동 1894-2 힐데스하임A,"혁신로 91(반곡동, 힐데스하임A) ",철근콘크리트,14,6,8,121.3318,2015-05-01
445,반곡관설동,푸른숨LH10단지 경로당,반곡동 1818-5 푸른숨10단지,"혁신로 350(반곡동, 푸른숨10단지)",철근콘크리트,59,24,35,141.45,2015-12-16
446,반곡관설동,부영8단지A 경로당,반곡동 1964-3 부영8단지,"양지로 160(반곡동, 부영8단지)",철근콘크리트,18,10,8,203.14,2015-09-15
447,반곡관설동,푸른숨LH3단지 경로당,반곡동 2047-4 푸른숨3단지,"배울로 50(반곡동, 푸른숨LH3단지)",철근콘크리트,21,8,13,151.7,2015-06-18
448,반곡관설동,부영1단지A 경로당,반곡동 2049-8,배울로 49(반곡동),철근콘크리트,32,13,19,127,2015-12-22
449,반곡관설동,푸른숨9단지A 경로당,반곡동 1818-10,"혁신로 346(반곡동, 푸른숨9단지A)",철근콘크리트,23,8,15,141.84,2016-11-17
450,반곡관설동,월운정 경로당,반곡동 1741-30,월운정길 80-2,철근콘크리트,55,23,32,169.09,1995-12-06
451,반곡관설동,중흥S클래스프라디움A 경로당,반곡동 2047-5,배울로 24(반곡동),철근콘크리트,31,15,16,172.55,2016-10-25
452,반곡관설동,LH센트럴파크A경로당,반곡동 1993-3,"혁신로 224(반곡동,LH센트럴파크)",철근콘크리트,25,12,13,122.37,2019-02-01
453,반곡관설동,e편한세상반곡A 경로당,반곡동 2069,"오리현길 62(반곡동,e편한세상반곡)",철근콘크리트,18,7,11,110.177,2018-11-15
