발생년,발생년월일시,주야,요일,사망자수,사상자수,중상자수,경상자수,부상신고자수,발생지시도,발생지시군구,사고유형_대분류,사고유형_중분류,사고유형,법규위반,도로형태_대분류,도로형태,당사자종별_1당_대분류,당사자종별_1당,발생위치X_UTMK,발생위치Y_UTMK,경도,위도
2012,2012-05-14 18:00,야간,월,1,3,1,1,0,강원,원주시,차대차,추돌,주정차중 추돌,안전운전 의무 불이행,단일로,기타단일로,화물차,소형,1028213,1922232,127.818334,37.29861488
2012,2012-08-10 20:00,야간,금,1,1,0,0,0,강원,원주시,차대사람,기타,기타,안전운전 의무 불이행,단일로,기타단일로,화물차,소형,1028562,1923247,127.8223109,37.30775326
2012,2012-09-06 8:00,주간,목,1,2,1,0,0,강원,원주시,차대차,추돌,주정차중 추돌,안전운전 의무 불이행,단일로,기타단일로,화물차,소형,1035342,1929332,127.899109,37.36236852
2012,2012-05-03 8:00,주간,목,1,1,0,0,0,강원,원주시,차대차,추돌,진행중 추돌,보행자 보호의무 위반,단일로,기타단일로,승용차,중형,1040426,1924435,127.955588,37.31820399
2012,2012-05-21 14:00,주간,월,1,1,0,0,0,강원,원주시,차대사람,기타,기타,안전운전 의무 불이행,기타/불명,기타/불명,승용차,중형,1039184,1926524,127.9423462,37.33690391
2012,2012-05-01 12:00,주간,화,1,1,0,0,0,강원,원주시,차량단독,공작물충돌,공작물충돌,안전운전 의무 불이행,단일로,기타단일로,승용차,소형,1055390,1917191,128.1245905,37.25195601
2012,2012-05-04 11:00,주간,금,1,1,0,0,0,강원,원주시,차대사람,횡단중,횡단중,안전운전 의무 불이행,단일로,기타단일로,승용차,소형,1038127,1927333,127.9304557,37.34423997
2012,2012-05-21 19:00,야간,월,2,5,3,0,0,강원,원주시,차대차,측면직각충돌,측면직각충돌,중앙선 침범,단일로,기타단일로,승용차,대형,1043448,1927247,127.9858473,37.34293478
2012,2012-03-23 20:00,야간,금,1,1,0,0,0,강원,원주시,차대사람,횡단중,횡단중,보행자 보호의무 위반,교차로,교차로부근,승용차,중형,1039700,1926452,127.9481673,37.336233
2012,2012-04-22 20:00,야간,일,1,3,0,2,0,강원,원주시,차대차,추돌,진행중 추돌,안전거리 미확보,단일로,기타단일로,승용차,경형,1039251,1928773,127.9432217,37.35717273
2012,2012-04-27 19:00,야간,금,1,1,0,0,0,강원,원주시,차대차,측면직각충돌,측면직각충돌,중앙선 침범,단일로,기타단일로,승용차,대형,1044036,1927337,127.9971667,37.34401448
2012,2012-03-16 6:00,주간,금,1,9,2,6,0,강원,원주시,차대차,측면직각충돌,측면직각충돌,신호위반,교차로,교차로내,승합차,대형,1036934,1922845,127.9167636,37.30383474
2012,2012-04-02 8:00,주간,월,1,1,0,0,0,강원,원주시,차대사람,횡단중,횡단중,안전운전 의무 불이행,교차로,교차로내,승용차,중형,1037595,1926779,127.9212712,37.34119029
2012,2012-02-28 11:00,주간,화,1,1,0,0,0,강원,원주시,차대사람,횡단중,횡단중,보행자 보호의무 위반,단일로,횡단보도상,건설기계,건설기계,1038597,1928695,127.9358329,37.35649711
2012,2012-01-22 20:00,야간,일,1,1,0,0,0,강원,원주시,차대사람,횡단중,횡단중,안전운전 의무 불이행,단일로,기타단일로,승용차,대형,1028077,1923819,127.8168596,37.31292394
2012,2012-02-24 2:00,야간,금,1,1,0,0,0,강원,원주시,차량단독,전도전복,전도전복,안전운전 의무 불이행,단일로,교량위,승용차,중형,1035836,1929099,127.850622,37.33164072
2012,2012-03-29 17:00,주간,목,2,4,1,1,0,강원,원주시,차대사람,보도통행중,보도통행중,중앙선 침범,단일로,기타단일로,승용차,경형,1044868,1929482,128.0066896,37.36330867
2012,2012-03-02 7:00,주간,금,1,1,0,0,0,강원,원주시,차대차,정면충돌,정면충돌,중앙선 침범,단일로,기타단일로,승용차,소형,1035877,1935328,127.9054415,37.41639359
2012,2012-02-02 7:00,주간,목,1,1,0,0,0,강원,원주시,차대사람,차도통행중,차도통행중,안전운전 의무 불이행,단일로,기타단일로,화물차,소형,1040031,1927959,127.9519852,37.34980233
2012,2012-12-14 9:00,주간,금,1,4,1,2,0,강원,원주시,차대차,측면직각충돌,측면직각충돌,안전운전 의무 불이행,단일로,기타단일로,화물차,대형,1022576,1915933,127.7545399,37.24199013
2012,2012-02-22 0:00,야간,수,1,1,0,0,0,강원,원주시,차대사람,차도통행중,차도통행중,안전운전 의무 불이행,단일로,기타단일로,승용차,중형,1038934,1928749,127.9402056,37.35696766
2012,2012-06-22 1:00,야간,금,1,1,0,0,0,강원,원주시,차대차,측면직각충돌,측면직각충돌,교차로 통행방법 위반,교차로,교차로내,승용차,중형,1040967,1924224,127.9623468,37.31609558
2012,2012-09-13 18:00,야간,목,1,1,0,0,0,강원,원주시,차대사람,기타,기타,안전운전 의무 불이행,단일로,교량위,승용차,중형,1043296,1927845,127.9888421,37.34862819
2012,2012-08-30 23:00,야간,목,1,1,0,0,0,강원,원주시,차대사람,횡단중,횡단중,안전운전 의무 불이행,단일로,기타단일로,화물차,소형,1041924,1925876,127.9732404,37.3309434
2012,2012-02-07 1:00,야간,화,1,1,0,0,0,강원,원주시,차량단독,공작물충돌,공작물충돌,안전운전 의무 불이행,단일로,기타단일로,이륜차,소형,1039858,1929019,127.950089,37.3593642
2012,2012-02-21 20:00,야간,화,1,1,0,0,0,강원,원주시,차대차,측면직각충돌,측면직각충돌,신호위반,교차로,교차로내,화물차,대형,1039992,1933205,127.9518284,37.39708924
2012,2012-12-11 12:00,주간,화,1,1,0,0,0,강원,원주시,차량단독,도로이탈,도로이탈 추락,안전운전 의무 불이행,단일로,기타단일로,승용차,대형,1029764,1923928,127.8359021,37.31385394
2012,2012-11-11 21:00,야간,일,1,2,0,1,0,강원,원주시,차대차,추돌,주정차중 추돌,안전운전 의무 불이행,단일로,기타단일로,승용차,중형,1037747,1927047,127.926151,37.34167759
2012,2012-12-21 1:00,야간,금,1,1,0,0,0,강원,원주시,차대사람,횡단중,횡단중,안전운전 의무 불이행,교차로,교차로부근,승용차,중형,1040746,1925561,127.9599261,37.32815654
2012,2012-12-01 22:00,야간,토,1,1,0,0,0,강원,원주시,차대차,추돌,주정차중 추돌,안전운전 의무 불이행,교차로,교차로부근,원동기장치자전거,원동기장치자전거,1029170,1924987,127.8292402,37.32341839
2012,2012-02-05 19:00,야간,일,1,1,0,0,0,강원,원주시,차대사람,차도통행중,차도통행중,안전운전 의무 불이행,단일로,기타단일로,승용차,중형,1040723,1925169,127.959645,37.3246242
2012,2012-11-26 18:00,야간,월,1,1,0,0,0,강원,원주시,차대사람,길가장자리구역통행중,길가장자리구역통행중,안전운전 의무 불이행,단일로,기타단일로,화물차,소형,1039498,1926138,127.9458703,37.33341134
2012,2012-06-24 16:00,주간,일,1,1,0,0,0,강원,원주시,차량단독,공작물충돌,공작물충돌,안전운전 의무 불이행,단일로,기타단일로,승용차,중형,1049366,1937542,128.0580214,37.43572811
2012,2012-07-15 6:00,주간,일,1,2,1,0,0,강원,원주시,차대차,측면직각충돌,측면직각충돌,신호위반,교차로,교차로내,이륜차,중형,1041754,1927121,127.9713916,37.342173
2012,2012-08-19 23:00,야간,일,1,1,0,0,0,강원,원주시,차대사람,길가장자리구역통행중,길가장자리구역통행중,신호위반,단일로,기타단일로,승합차,대형,1040393,1934237,127.9540571,37.40321005
2012,2012-11-07 9:00,주간,수,1,1,0,0,0,강원,원주시,차대사람,횡단중,횡단중,과속,단일로,기타단일로,승용차,중형,1040944,1925718,127.9621697,37.32956297
2012,2012-09-09 13:00,주간,일,1,1,0,0,0,강원,원주시,차대차,기타,기타,신호위반,교차로,교차로내,이륜차,중형,1040237,1924511,127.9541239,37.3187144
2012,2012-07-23 11:00,주간,월,1,1,0,0,0,강원,원주시,차대차,측면직각충돌,측면직각충돌,교차로 통행방법 위반,교차로,교차로내,원동기장치자전거,원동기장치자전거,1061167,1918327,128.1898226,37.26183368
2012,2012-08-26 13:00,주간,일,1,1,0,0,0,강원,원주시,차대사람,기타,기타,안전운전 의무 불이행,단일로,기타단일로,승합차,대형,1051322,1914729,128.0785514,37.2299976
2012,2012-01-18 13:00,주간,수,1,1,0,0,0,강원,원주시,차량단독,공작물충돌,공작물충돌,안전운전 의무 불이행,단일로,기타단일로,승용차,중형,1041011,1925454,127.9613143,37.33181977
2012,2012-07-20 21:00,야간,금,1,1,0,0,0,강원,원주시,차대차,측면직각충돌,측면직각충돌,교차로 통행방법 위반,교차로,교차로내,원동기장치자전거,원동기장치자전거,1052367,1913054,128.0902134,37.21484167
2012,2012-07-27 21:00,야간,금,1,1,0,0,0,강원,원주시,차대사람,횡단중,횡단중,보행자 보호의무 위반,교차로,교차로내,승용차,소형,1040960,1935653,127.9629003,37.41911203
2012,2012-07-09 1:00,야간,월,1,1,0,0,0,강원,원주시,차대차,추돌,주정차중 추돌,안전운전 의무 불이행,단일로,기타단일로,원동기장치자전거,원동기장치자전거,1036953,1922222,127.9169469,37.29821843
2012,2012-06-05 21:00,야간,화,1,3,0,2,0,강원,원주시,차대차,기타,기타,보행자 보호의무 위반,교차로,교차로부근,승용차,중형,1030830,1925682,127.8480051,37.32962934
2012,2012-10-10 11:00,주간,수,1,2,0,1,0,강원,원주시,차대차,측면직각충돌,측면직각충돌,안전운전 의무 불이행,단일로,기타단일로,승용차,중형,1030349,1925168,127.8425547,37.3250121
2012,2012-04-02 20:00,야간,월,1,1,0,0,0,강원,원주시,차대차,추돌,진행중 추돌,안전운전 의무 불이행,단일로,기타단일로,승용차,대형,1045727,1919476,128.0157732,37.27307685
2012,2012-07-31 19:00,야간,화,1,1,0,0,0,강원,원주시,차대사람,횡단중,횡단중,보행자 보호의무 위반,단일로,기타단일로,화물차,소형,1040104,1925130,127.9526564,37.3242996
2012,2012-10-12 10:00,주간,금,1,1,0,0,0,강원,원주시,차대차,측면직각충돌,측면직각충돌,안전운전 의무 불이행,교차로,교차로부근,화물차,경형,1042050,1923789,127.9745443,37.31212626
2013,2013-10-07 23:00,야간,월,1,2,1,0,0,강원,원주시,차대차,추돌,진행중 추돌,안전운전 의무 불이행,단일로,기타단일로,승용차,중형,1028360,1922630,127.8200078,37.30219792
2013,2013-04-18 18:00,야간,목,1,1,0,0,0,강원,원주시,차대차,측면직각충돌,측면직각충돌,신호위반,교차로,교차로내,원동기장치자전거,원동기장치자전거,1037927,1928637,127.9283714,37.35592314
2013,2013-02-19 13:00,주간,화,1,1,0,0,0,강원,원주시,차대사람,횡단중,횡단중,안전운전 의무 불이행,교차로,교차로부근,화물차,소형,1038429,1927667,127.9338826,37.34723807
2013,2013-10-20 1:00,야간,일,1,1,0,0,0,강원,원주시,차량단독,공작물충돌,공작물충돌,안전운전 의무 불이행,단일로,기타단일로,승용차,중형,1038056,1925177,127.9295435,37.32480942
2013,2013-01-22 18:00,야간,화,1,1,0,0,0,강원,원주시,차대사람,기타,기타,안전운전 의무 불이행,단일로,기타단일로,승용차,중형,1026998,1922748,127.8042489,37.30302008
2013,2013-06-12 15:00,주간,수,1,3,1,1,0,강원,원주시,차대차,추돌,진행중 추돌,안전거리 미확보,단일로,기타단일로,승합차,소형,1037906,1925339,127.9278587,37.32627577
2013,2013-02-01 0:00,야간,금,1,1,0,0,0,강원,원주시,차대차,기타,기타,안전운전 의무 불이행,교차로,교차로내,승용차,중형,1039527,1927343,127.9462619,37.34427154
2013,2013-05-03 12:00,주간,금,1,1,0,0,0,강원,원주시,차대사람,횡단중,횡단중,신호위반,단일로,기타단일로,건설기계,건설기계,1040864,1935097,127.9616983,37.41404201
2013,2013-09-11 0:00,야간,수,1,1,0,0,0,강원,원주시,차대사람,횡단중,횡단중,안전운전 의무 불이행,교차로,교차로내,승용차,대형,1029510,1924720,127.8330671,37.32100097
2013,2013-10-02 3:00,야간,수,1,1,0,0,0,강원,원주시,차대사람,길가장자리구역통행중,길가장자리구역통행중,안전운전 의무 불이행,단일로,기타단일로,승용차,소형,1036782,1921153,127.9149646,37.28858952
2013,2013-12-03 21:00,야간,화,1,1,0,0,0,강원,원주시,차대차,추돌,진행중 추돌,과속,단일로,기타단일로,승용차,중형,1036700,1930058,127.9298437,37.40518083
2013,2013-09-08 0:00,야간,일,1,5,0,4,0,강원,원주시,차대차,정면충돌,정면충돌,신호위반,교차로,교차로내,승용차,중형,1039991,1933214,127.9518176,37.39717041
2013,2013-10-30 14:00,주간,수,1,1,0,0,0,강원,원주시,차량단독,전도전복,전도전복,안전운전 의무 불이행,단일로,기타단일로,이륜차,사발이,1049863,1936981,128.05916,37.43197576
2013,2013-07-25 17:00,주간,목,1,1,0,0,0,강원,원주시,차대사람,차도통행중,차도통행중,안전운전 의무 불이행,단일로,기타단일로,화물차,소형,1040470,1925680,127.9565499,37.32907371
2013,2013-09-20 18:00,야간,금,1,1,0,0,0,강원,원주시,차대사람,기타,기타,안전운전 의무 불이행,교차로,교차로부근,승용차,중형,1040019,1925668,127.951726,37.32915261
2013,2013-03-22 15:00,주간,금,1,1,0,0,0,강원,원주시,차량단독,도로이탈,도로이탈 추락,안전운전 의무 불이행,기타/불명,기타/불명,농기계,농기계,1061329,1918280,128.1916659,37.26040955
2013,2013-10-05 5:00,야간,토,1,1,0,0,0,강원,원주시,차대사람,횡단중,횡단중,안전운전 의무 불이행,단일로,기타단일로,승용차,중형,1040385,1926960,127.9559276,37.34078238
2013,2013-11-01 7:00,주간,금,1,1,0,0,0,강원,원주시,차대사람,길가장자리구역통행중,길가장자리구역통행중,안전운전 의무 불이행,단일로,기타단일로,화물차,경형,1025627,1931592,127.7894796,37.38305889
2013,2013-06-01 17:00,주간,토,1,1,0,0,0,강원,원주시,차대차,측면직각충돌,측면직각충돌,안전운전 의무 불이행,교차로,교차로부근,자전거,자전거,1039119,1930370,127.9418743,37.3715647
2013,2013-09-22 20:00,야간,일,1,1,0,0,0,강원,원주시,차대사람,횡단중,횡단중,안전운전 의무 불이행,교차로,교차로내,승용차,소형,1039936,1932995,127.9511844,37.39519882
2013,2013-09-28 18:00,야간,토,1,1,0,0,0,강원,원주시,차대사람,횡단중,횡단중,안전운전 의무 불이행,교차로,교차로내,승용차,중형,1038209,1933817,127.9317163,37.4026808
2013,2013-10-17 3:00,야간,목,1,1,0,0,0,강원,원주시,차량단독,전도전복,전도전복,안전운전 의무 불이행,단일로,기타단일로,승용차,중형,1038001,1926270,127.9289787,37.33466361
2013,2013-10-14 8:00,주간,월,1,1,0,0,0,강원,원주시,차대사람,횡단중,횡단중,안전운전 의무 불이행,단일로,기타단일로,승용차,대형,1039526,1925830,127.9461699,37.33063394
2013,2013-08-10 20:00,야간,토,1,5,2,2,0,강원,원주시,차대차,측면직각충돌,측면직각충돌,신호위반,교차로,교차로내,승용차,경형,1040985,1935725,127.9629953,37.41968673
2013,2013-07-31 7:00,주간,수,1,1,0,0,0,강원,원주시,차대사람,횡단중,횡단중,과속,교차로,교차로내,화물차,소형,1039541,1928525,127.9465181,37.35493032
2013,2013-04-03 8:00,주간,수,1,1,0,0,0,강원,원주시,차대차,추돌,진행중 추돌,차로위반(진로변경 위반),단일로,기타단일로,자전거,자전거,1029328,1925689,127.8300172,37.32946004
2013,2013-05-04 5:00,야간,토,1,2,1,0,0,강원,원주시,차대차,측면직각충돌,측면직각충돌,중앙선 침범,단일로,기타단일로,승용차,소형,1027948,1921903,127.8153316,37.29565734
2013,2013-06-15 21:00,야간,토,1,1,0,0,0,강원,원주시,차대사람,기타,기타,부당한 회전,단일로,기타단일로,승용차,중형,1029706,1930871,127.8367776,37.41236455
2014,2014-03-15 19:00,야간,토,1,2,1,0,0,강원,원주시,차대차,추돌,진행중 추돌,안전운전 의무 불이행,단일로,기타단일로,승합차,소형,1052159,1915662,128.0880517,37.23836082
2014,2014-03-06 0:00,야간,목,1,1,0,0,0,강원,원주시,차대차,정면충돌,정면충돌,중앙선 침범,단일로,기타단일로,승용차,중형,1038445,1927240,127.934041,37.34338858
2014,2014-04-28 5:00,야간,월,1,1,0,0,0,강원,원주시,차대차,추돌,주정차중 추돌,안전운전 의무 불이행,단일로,기타단일로,승용차,소형,1032238,1926322,127.8638156,37.33540835
2014,2014-05-13 13:00,주간,화,1,1,0,0,0,강원,원주시,차량단독,공작물충돌,공작물충돌,안전운전 의무 불이행,단일로,기타단일로,승용차,경형,1044763,1920193,127.994365,37.28962579
2014,2014-10-28 1:00,야간,화,1,1,0,0,0,강원,원주시,차량단독,공작물충돌,공작물충돌,안전운전 의무 불이행,교차로,교차로부근,승용차,경형,1040406,1934297,127.9565653,37.40691405
2014,2014-07-01 18:00,야간,화,1,1,0,0,0,강원,원주시,차대사람,횡단중,횡단중,보행자 보호의무 위반,단일로,기타단일로,승용차,소형,1039149,1927908,127.9409167,37.34901032
2014,2014-03-25 4:00,야간,화,1,1,0,0,0,강원,원주시,차대사람,기타,기타,안전운전 의무 불이행,교차로,교차로내,승용차,소형,1040798,1929208,127.9607139,37.3610269
2014,2014-11-21 3:00,야간,금,1,3,1,1,0,강원,원주시,차대차,측면직각충돌,측면직각충돌,안전운전 의무 불이행,교차로,교차로내,화물차,소형,1038272,1926223,127.9320354,37.33422884
2014,2014-08-12 0:00,야간,화,1,1,0,0,0,강원,원주시,차대차,기타,기타,신호위반,교차로,교차로내,승용차,중형,1038383,1927279,127.9333431,37.34374268
2014,2014-05-05 18:00,야간,월,1,1,0,0,0,강원,원주시,차대사람,횡단중,횡단중,과속,단일로,횡단보도상,화물차,대형,1039628,1928436,127.9474606,37.35411912
2014,2014-12-27 16:00,주간,토,1,1,0,0,0,강원,원주시,차대차,기타,기타,안전운전 의무 불이행,교차로,교차로내,승용차,중형,1040011,1933203,127.9520429,37.3970704
2014,2014-12-27 15:00,주간,토,1,1,0,0,0,강원,원주시,차대사람,횡단중,횡단중,안전운전 의무 불이행,단일로,기타단일로,건설기계,건설기계,1039239,1931139,127.9432116,37.37849941
2014,2014-10-23 8:00,주간,목,1,2,0,1,0,강원,원주시,차대차,정면충돌,정면충돌,중앙선 침범,단일로,기타단일로,화물차,소형,1030592,1927985,127.8454137,37.35039587
2014,2014-03-27 17:00,주간,목,1,1,0,0,0,강원,원주시,차량단독,기타,기타,안전운전 의무 불이행,단일로,기타단일로,화물차,소형,1044080,1935096,127.9981258,37.41394822
2014,2014-11-03 16:00,주간,월,1,2,1,0,0,강원,원주시,차대차,측면직각충돌,측면직각충돌,교차로 통행방법 위반,교차로,교차로내,화물차,소형,1037445,1928350,127.9228075,37.35343462
2014,2014-01-14 22:00,야간,화,1,1,0,0,0,강원,원주시,차량단독,공작물충돌,공작물충돌,안전운전 의무 불이행,단일로,기타단일로,승용차,중형,1027870,1923066,127.814396,37.30616557
2014,2014-11-22 17:00,주간,토,1,1,0,0,0,강원,원주시,차대사람,기타,기타,안전운전 의무 불이행,단일로,기타단일로,화물차,중형,1022255,1914293,127.7508717,37.22721492
2014,2014-01-01 21:00,야간,수,1,7,6,0,0,강원,원주시,차대차,측면직각충돌,측면직각충돌,신호위반,교차로,교차로내,승용차,중형,1030993,1925815,127.8498506,37.33082274
2014,2014-10-15 16:00,주간,수,1,2,0,1,0,강원,원주시,차대사람,기타,기타,안전운전 의무 불이행,교차로,교차로부근,화물차,소형,1031358,1931419,127.8542079,37.38132334
2014,2014-08-26 4:00,야간,화,1,1,0,0,0,강원,원주시,차대사람,횡단중,횡단중,안전운전 의무 불이행,단일로,기타단일로,승용차,중형,1040634,1925897,127.9586803,37.33119003
2014,2014-11-08 14:00,주간,토,1,1,0,0,0,강원,원주시,차대차,기타,기타,안전운전 의무 불이행,단일로,기타단일로,승용차,경형,1023477,1912717,127.772152,37.2212493
2014,2014-09-06 20:00,야간,토,1,1,0,0,0,강원,원주시,차대사람,횡단중,횡단중,안전운전 의무 불이행,교차로,교차로내,승용차,중형,1040196,1928026,127.9538518,37.3503991
2014,2014-09-05 8:00,주간,금,1,1,0,0,0,강원,원주시,차대차,기타,기타,안전운전 의무 불이행,교차로,교차로부근,특수차,대형,1035567,1928663,127.8795377,37.34871388
2014,2014-12-06 18:00,야간,토,1,1,0,0,0,강원,원주시,차대차,기타,기타,교차로 통행방법 위반,교차로,교차로내,승용차,중형,1040524,1929261,127.9576227,37.36151663
2014,2014-10-20 7:00,주간,월,1,2,1,0,0,강원,원주시,차량단독,공작물충돌,공작물충돌,안전운전 의무 불이행,단일로,교량위,승용차,중형,1025121,1920752,127.7833966,37.28536304
2014,2014-08-29 14:00,주간,금,1,1,0,0,0,강원,원주시,차대사람,길가장자리구역통행중,길가장자리구역통행중,안전운전 의무 불이행,단일로,기타단일로,승용차,중형,1034926,1930297,127.8945233,37.37124899
2014,2014-11-12 22:00,야간,수,1,2,1,0,0,강원,원주시,차대차,기타,기타,중앙선 침범,단일로,기타단일로,승용차,중형,1044055,1935054,127.9978408,37.41357084
2014,2014-02-05 13:00,주간,수,1,2,1,0,0,강원,원주시,차대차,추돌,진행중 추돌,안전운전 의무 불이행,단일로,기타단일로,화물차,중형,1048656,1917536,128.048604,37.25536385
2014,2014-03-29 13:00,주간,토,1,4,3,0,0,강원,원주시,차량단독,공작물충돌,공작물충돌,안전운전 의무 불이행,단일로,교량위,승합차,소형,1035793,1929703,127.9042199,37.36569529
2014,2014-01-23 14:00,주간,목,1,2,0,1,0,강원,원주시,차량단독,공작물충돌,공작물충돌,안전운전 의무 불이행,단일로,기타단일로,승용차,소형,1049710,1916376,128.0604901,37.24493043
2014,2014-08-13 20:00,야간,수,1,1,0,0,0,강원,원주시,차대사람,횡단중,횡단중,안전운전 의무 불이행,단일로,기타단일로,승합차,대형,1038822,1928746,127.9383761,37.35694742
2014,2014-06-05 1:00,야간,목,1,2,0,1,0,강원,원주시,차대사람,차도통행중,차도통행중,안전운전 의무 불이행,단일로,기타단일로,승용차,중형,1037475,1925956,127.9225398,37.32781823
2014,2014-05-09 11:00,주간,금,1,1,0,0,0,강원,원주시,차량단독,도로이탈,도로이탈 추락,안전운전 의무 불이행,단일로,기타단일로,승용차,중형,1034660,1932835,127.8915717,37.39396905
2014,2014-01-04 7:00,주간,토,1,1,0,0,0,강원,원주시,차대사람,기타,기타,보행자 보호의무 위반,교차로,교차로부근,승용차,중형,1040019,1927554,127.9518278,37.34615233
2014,2014-05-22 13:00,주간,목,1,1,0,0,0,강원,원주시,차대사람,횡단중,횡단중,안전운전 의무 불이행,단일로,횡단보도상,승용차,중형,1038586,1927794,127.9356617,37.34837629
2014,2014-06-22 20:00,야간,일,1,5,2,2,0,강원,원주시,차대차,정면충돌,정면충돌,중앙선 침범,교차로,교차로내,승용차,중형,1044633,1936109,128.004436,37.42305234
2014,2014-07-23 7:00,주간,수,1,3,1,1,0,강원,원주시,차량단독,공작물충돌,공작물충돌,안전운전 의무 불이행,단일로,기타단일로,특수차,소형,1035952,1929015,127.9059312,37.35948522
2014,2014-07-16 13:00,주간,수,1,1,0,0,0,강원,원주시,차대사람,기타,기타,안전운전 의무 불이행,교차로,교차로내,건설기계,건설기계,1041758,1927123,127.9714368,37.34219085
2014,2014-06-06 21:00,야간,금,1,1,0,0,0,강원,원주시,차대사람,횡단중,횡단중,안전운전 의무 불이행,단일로,기타단일로,승용차,중형,1035763,1918587,127.9033454,37.26549989
2015,2015-01-07 11:25,주,수,1,1,0,0,0,강원,원주시,차량단독,공작물충돌,공작물충돌,안전운전 의무 불이행,단일로,기타단일로,승용차,대형,1048464,1912401,128.0461833,37.20916675
2015,2015-01-21 0:30,야,수,1,4,3,0,0,강원,원주시,차대차,측면충돌,측면충돌,과속,교차로,교차로내,승용차,중형,1039338,1926275,127.9440714,37.334653
2015,2015-01-22 21:35,야,목,1,1,0,0,0,강원,원주시,차대사람,횡단중,횡단중,안전운전 의무 불이행,교차로,교차로부근,승용차,중형,1040210,1924518,127.9538196,37.31877866
2015,2015-02-17 18:05,야,화,1,2,1,0,0,강원,원주시,차대차,추돌,주정차중 추돌,안전거리 미확보,교차로,교차로부근,화물차,중형,1042693,1932491,127.982302,37.39053306
2015,2015-02-26 7:25,주,목,1,2,1,0,0,강원,원주시,차대차,추돌,주정차중 추돌,중앙선 침범,단일로,기타단일로,승용차,중형,1054567,1917167,128.1153089,37.25178827
2015,2015-03-12 0:16,야,목,1,2,0,1,0,강원,원주시,차대사람,횡단중,횡단중,과속,교차로,교차로부근,승용차,중형,1039140,1926483,127.9418473,37.33653621
2015,2015-04-23 10:25,주,목,2,3,1,0,0,강원,원주시,차대차,측면충돌,측면충돌,기타(운전자법규위반),단일로,기타단일로,승합차,중형,1038530,1933247,127.9353134,37.39752978
2015,2015-04-23 21:57,야,목,1,1,0,0,0,강원,원주시,차대사람,횡단중,횡단중,안전운전 의무 불이행,교차로,교차로부근,승용차,중형,1040569,1934885,127.9584394,37.41220687
2015,2015-04-25 23:19,야,토,1,1,0,0,0,강원,원주시,차대사람,횡단중,횡단중,안전운전 의무 불이행,단일로,기타단일로,승용차,중형,1040687,1925199,127.9592403,37.32489619
2015,2015-04-26 3:50,야,일,1,1,0,0,0,강원,원주시,차대사람,횡단중,횡단중,안전운전 의무 불이행,단일로,기타단일로,승용차,중형,1039574,1927555,127.9468038,37.34618042
2015,2015-05-06 10:25,주,수,1,1,0,0,0,강원,원주시,차대차,추돌,진행중 추돌,안전운전 의무 불이행,교차로,교차로부근,화물차,경형,1047008,1937925,128.0313926,37.43930306
2015,2015-05-29 2:27,야,금,1,1,0,0,0,강원,원주시,차량단독,도로이탈,도로이탈 추락,안전운전 의무 불이행,단일로,기타단일로,승용차,중형,1030843,1925680,127.8481518,37.32961088
2015,2015-06-04 5:08,야,목,1,8,2,5,0,강원,원주시,차대차,측면충돌,측면충돌,신호위반,교차로,교차로내,승용차,중형,1040577,1924371,127.9579535,37.3174377
2015,2015-06-17 21:25,야,수,1,1,0,0,0,강원,원주시,차대사람,기타,기타,안전운전 의무 불이행,단일로,기타단일로,승용차,중형,1037271,1928867,127.9208689,37.35810167
2015,2015-06-28 4:00,야,일,1,1,0,0,0,강원,원주시,차량단독,전도전복,전도전복,안전운전 의무 불이행,단일로,기타단일로,승용차,경형,1037607,1925821,127.9245083,37.33063252
2015,2015-07-13 10:45,주,월,1,1,0,0,0,강원,원주시,차량단독,기타,기타,안전운전 의무 불이행,교차로,교차로부근,이륜차,소형,1037308,1935650,127.9216289,37.41923939
2015,2015-08-03 3:35,야,월,1,1,0,0,0,강원,원주시,차대사람,기타,기타,안전운전 의무 불이행,단일로,기타단일로,화물차,소형,1040573,1934551,127.9584662,37.40919619
2015,2015-08-09 20:22,야,일,1,1,0,0,0,강원,원주시,차대사람,차도통행중,차도통행중,안전운전 의무 불이행,단일로,기타단일로,승용차,중형,1042196,1937477,127.9769725,37.43549707
2015,2015-08-13 23:40,야,목,1,3,0,2,0,강원,원주시,차대사람,횡단중,횡단중,보행자 보호의무 위반,교차로,교차로내,승용차,중형,1039261,1926174,127.9431969,37.33374588
2015,2015-08-21 22:51,야,금,1,1,0,0,0,강원,원주시,차대차,추돌,진행중 추돌,신호위반,교차로,교차로내,이륜차,소형,1038663,1925313,127.9364017,37.32601021
2015,2015-08-23 1:35,야,일,1,3,1,1,0,강원,원주시,차대차,측면충돌,측면충돌,교차로 통행방법 위반,교차로,교차로내,이륜차,소형,1032891,1926565,127.8713082,37.33751775
2015,2015-08-27 21:21,야,목,2,2,0,0,0,강원,원주시,차대사람,횡단중,횡단중,보행자 보호의무 위반,단일로,기타단일로,화물차,소형,1040745,1927214,127.9600057,37.34305611
2015,2015-09-23 18:45,야,수,1,2,1,0,0,강원,원주시,차대차,추돌,진행중 추돌,안전운전 의무 불이행,단일로,기타단일로,승용차,소형,1029045,1926395,127.8278845,37.3361137
2015,2015-10-01 22:35,야,목,1,1,0,0,0,강원,원주시,차대사람,횡단중,횡단중,안전운전 의무 불이행,기타/불명,기타/불명,승용차,중형,1038166,1929316,127.9309982,37.3621124
2015,2015-10-08 9:40,주,목,1,1,0,0,0,강원,원주시,차대사람,횡단중,횡단중,신호위반,교차로,교차로내,화물차,소형,1038390,1927305,127.9334235,37.34397674
2015,2015-10-21 10:50,주,수,1,1,0,0,0,강원,원주시,차대차,추돌,진행중 추돌,안전거리 미확보,단일로,기타단일로,이륜차,소형,1038722,1926746,127.9371424,37.33892432
2015,2015-10-25 7:50,주,일,1,4,2,1,0,강원,원주시,차대사람,보도통행중,보도통행중,안전거리 미확보,단일로,기타단일로,화물차,중형,1048703,1937966,128.0505553,37.43958492
2015,2015-10-28 23:45,야,수,1,1,0,0,0,강원,원주시,차량단독,공작물충돌,공작물충돌,안전운전 의무 불이행,교차로,교차로내,승용차,중형,1031825,1931590,127.8594902,37.38284876
2015,2015-10-30 19:15,야,금,1,1,0,0,0,강원,원주시,차대사람,횡단중,횡단중,안전운전 의무 불이행,단일로,기타단일로,승용차,중형,1039518,1931285,127.9463707,37.37980354
2015,2015-11-01 11:10,주,일,1,2,0,0,1,강원,원주시,차대사람,횡단중,횡단중,보행자 보호의무 위반,교차로,교차로부근,이륜차,소형,1039893,1931583,127.9506224,37.38247353
2015,2015-11-22 2:20,야,일,1,2,1,0,0,강원,원주시,차량단독,공작물충돌,공작물충돌,안전운전 의무 불이행,교차로,교차로내,승용차,소형,1039767,1931124,127.9491745,37.37834171
2015,2015-12-28 18:30,야,월,1,1,0,0,0,강원,원주시,차대사람,횡단중,횡단중,안전운전 의무 불이행,단일로,기타단일로,화물차,대형,1035762.8,1929707.1,127.903879,37.36573341
2016,2016-11-26 18:00,야간,토,1,3,0,2,0,강원,원주시,차대차,정면충돌,정면충돌,중앙선 침범,단일로,기타단일로,승용차,경형,1036872,1934941,127.9168269,37.41269352
2016,2016-02-21 10:00,주간,일,1,1,0,0,0,강원,원주시,차대사람,차도통행중,차도통행중,안전운전 의무 불이행,교차로,교차로부근,화물차,중형,1039181,1926380,127.9423047,37.33560607
2016,2016-03-07 22:00,야간,월,1,2,1,0,0,강원,원주시,차대차,추돌,진행중 추돌,안전운전 의무 불이행,단일로,기타단일로,승용차,경형,1041512,1924380,127.9685061,37.31747751
2016,2016-03-29 17:00,주간,화,1,1,0,0,0,강원,원주시,차대차,측면직각충돌,측면직각충돌,안전운전 의무 불이행,교차로,교차로내,승합차,경형,1040714,1925406,127.9595564,37.32676083
2016,2016-04-01 18:00,야간,금,1,3,2,0,0,강원,원주시,차대차,정면충돌,정면충돌,중앙선 침범,단일로,기타단일로,승용차,경형,1051633,1914778,128.0820605,37.23042209
2016,2016-07-17 21:00,야간,일,1,1,0,0,0,강원,원주시,차대차,추돌,진행중 추돌,안전운전 의무 불이행,단일로,기타단일로,승용차,중형,1042811,1926308,127.9832775,37.3347968
2016,2016-06-21 22:00,야간,화,1,1,0,0,0,강원,원주시,차대사람,횡단중,횡단중,보행자 보호의무 위반,교차로,교차로내,승용차,경형,1039076,1928348,127.9412232,37.35334933
2016,2016-08-11 4:00,야간,목,1,2,1,0,0,강원,원주시,차대사람,횡단중,횡단중,보행자 보호의무 위반,단일로,기타단일로,화물차,소형,1040942,1935530,127.96269,37.41800416
2016,2016-06-10 13:00,주간,금,1,4,0,0,3,강원,원주시,차대차,정면충돌,정면충돌,안전거리 미확보,단일로,기타단일로,화물차,소형,1040202,1933955,127.9542417,37.40384031
2016,2016-07-02 6:00,주간,토,1,3,2,0,0,강원,원주시,차대차,정면충돌,정면충돌,중앙선 침범,단일로,기타단일로,화물차,소형,1033983,1935303,127.8918605,37.41646733
2016,2016-08-08 4:00,야간,월,1,1,0,0,0,강원,원주시,차대차,추돌,진행중 추돌,안전운전 의무 불이행,교차로,교차로내,승용차,중형,1039340,1926282,127.9440944,37.33471601
2016,2016-04-16 19:00,야간,토,1,1,0,0,0,강원,원주시,차대사람,횡단중,횡단중,과속,단일로,기타단일로,승용차,경형,1039512,1931243,127.9463007,37.37942523
2016,2016-07-30 3:00,야간,토,1,2,1,0,0,강원,원주시,차대차,추돌,진행중 추돌,안전운전 의무 불이행,단일로,기타단일로,승용차,소형,1024556,1921788,127.777057,37.29471651
2016,2016-05-07 12:00,주간,토,1,5,0,4,0,강원,원주시,차대차,정면충돌,정면충돌,안전운전 의무 불이행,교차로,교차로내,승용차,경형,1036864,1924026,127.9160323,37.31448272
2016,2016-06-03 1:00,야간,금,1,1,0,0,0,강원,원주시,차대사람,기타,기타,안전운전 의무 불이행,단일로,기타단일로,승용차,중형,1031473,1925749,127.8558132,37.32993242
2016,2016-07-24 11:00,주간,일,1,1,0,0,0,강원,원주시,차대차,정면충돌,정면충돌,안전운전 의무 불이행,단일로,기타단일로,화물차,소형,1040940,1925729,127.9621251,37.3296623
2016,2016-02-02 18:00,야간,화,1,1,0,0,0,강원,원주시,차대사람,횡단중,횡단중,안전운전 의무 불이행,교차로,교차로내,승용차,경형,1040600,1927448,127.9583815,37.34517165
2016,2016-01-09 23:00,야간,토,2,2,0,0,0,강원,원주시,차대차,기타,기타,과속,교차로,교차로부근,승용차,중형,1039339,1926288,127.9440834,37.33477013
2016,2016-01-30 8:00,주간,토,1,1,0,0,0,강원,원주시,차량단독,전도전복,전도전복,안전운전 의무 불이행,교차로,교차로부근,이륜차,소형,1038477,1928228,127.9348395,37.35225255
2016,2016-12-20 2:00,야간,화,1,1,0,0,0,강원,원주시,차대사람,기타,기타,안전운전 의무 불이행,단일로,기타단일로,승용차,중형,1052181,1914178,128.0881041,37.22492617
2016,2016-10-27 0:00,야간,목,1,1,0,0,0,강원,원주시,차대사람,횡단중,횡단중,안전운전 의무 불이행,단일로,기타단일로,승용차,경형,1031676,1907028,127.856761,37.16145595
2016,2016-09-18 10:00,주간,일,1,2,0,1,0,강원,원주시,차대차,추돌,진행중 추돌,안전운전 의무 불이행,단일로,기타단일로,화물차,소형,1039625,1931812,127.9476212,37.3847618
2016,2016-10-12 0:00,야간,수,1,1,0,0,0,강원,원주시,차대사람,횡단중,횡단중,안전운전 의무 불이행,단일로,횡단보도부근,승용차,경형,1035415,1928442,127.8998908,37.35434358
2016,2016-10-05 5:00,야간,수,1,1,0,0,0,강원,원주시,차대사람,기타,기타,안전운전 의무 불이행,단일로,횡단보도상,승용차,중형,1029324,1924502,127.8309532,37.31896885
2016,2016-09-05 22:00,야간,월,1,1,0,0,0,강원,원주시,차대사람,기타,기타,안전운전 의무 불이행,기타/불명,기타/불명,승용차,경형,1039226,1925989,127.942792,37.33207983
2016,2016-01-09 2:00,야간,토,1,1,0,0,0,강원,원주시,차량단독,공작물충돌,공작물충돌,안전운전 의무 불이행,단일로,기타단일로,승합차,중형,1042246,1923474,127.9767382,37.30927807
2016,2016-12-02 18:00,야간,금,1,2,1,0,0,강원,원주시,차대사람,횡단중,횡단중,보행자 보호의무 위반,단일로,횡단보도상,화물차,소형,1040624,1924559,127.9584942,37.31913021
2016,2016-02-01 7:00,주간,월,1,1,0,0,0,강원,원주시,차대사람,횡단중,횡단중,보행자 보호의무 위반,단일로,횡단보도상,승합차,경형,1037927,1928434,127.9282541,37.35417218
2016,2016-12-28 10:00,주간,수,1,1,0,0,0,강원,원주시,차대사람,횡단중,횡단중,안전운전 의무 불이행,교차로,교차로내,승용차,중형,1039724,1927947,127.9485184,37.34970735
2016,2016-12-30 8:00,주간,금,1,2,0,1,0,강원,원주시,차대차,정면충돌,정면충돌,교차로 통행방법 위반,교차로,교차로내,화물차,소형,1038952,1932702,127.9400523,37.39259974
2016,2016-03-27 15:00,주간,일,1,1,0,0,0,강원,원주시,차량단독,공작물충돌,공작물충돌,안전운전 의무 불이행,단일로,기타단일로,승용차,대형,1043154,1921946,127.9868957,37.2954635
2016,2016-11-02 18:00,야간,수,1,1,0,0,0,강원,원주시,차대차,기타,기타,안전운전 의무 불이행,단일로,기타단일로,승용차,중형,1034782,1913092,127.892025,37.21600596
2016,2016-12-05 18:00,야간,월,1,2,1,0,0,강원,원주시,차대사람,길가장자리구역통행중,길가장자리구역통행중,안전운전 의무 불이행,단일로,기타단일로,승용차,경형,1031416,1927009,127.8546759,37.34157094
2016,2016-11-13 9:00,주간,일,1,1,0,0,0,강원,원주시,차대차,측면직각충돌,측면직각충돌,직진 및 우회전차의 통행방해,교차로,교차로내,승합차,경형,1041175,1927243,127.9647387,37.3432918
2016,2016-01-16 16:00,주간,토,1,1,0,0,0,강원,원주시,차량단독,전도전복,전도전복,안전운전 의무 불이행,단일로,기타단일로,이륜차,소형,1028989,1919344,127.826977,37.27255902
2017,2017-01-03 5:00,야간,화,1,1,0,0,0,강원,원주시,차대사람,횡단중,횡단중,보행자 보호의무 위반,교차로,교차로부근,승용차,승용차,1040515,1927745,127.9574381,37.34785241
2017,2017-01-09 15:00,주간,월,1,1,0,0,0,강원,원주시,차대차,추돌,추돌,안전운전 의무 불이행,단일로,터널안,승용차,승용차,1029865,1934186,127.8374556,37.40631348
2017,2017-01-17 12:00,주간,화,1,1,0,0,0,강원,원주시,차량단독,전도전복,전도전복,안전운전 의무 불이행,단일로,기타단일로,이륜차,이륜차,1026369,1913868,127.7972316,37.22327667
2017,2017-01-20 12:00,주간,금,1,18,10,7,0,강원,원주시,차량단독,전도,전도,기타(운전자법규위반),단일로,교량위,승합차,승합차,1043082,1934028,127.986786,37.4043688
2017,2017-01-27 22:00,야간,금,1,1,0,0,0,강원,원주시,차대사람,횡단중,횡단중,안전운전 의무 불이행,단일로,기타단일로,승용차,승용차,1041574,1924315,127.9692022,37.31688885
2017,2017-01-29 2:00,야간,일,1,1,0,0,0,강원,원주시,차량단독,공작물충돌,공작물충돌,안전운전 의무 불이행,단일로,기타단일로,화물차,화물차,1054952,1917240,128.1196554,37.25242362
2017,2017-01-29 18:00,야간,일,1,6,2,0,3,강원,원주시,차대차,추돌,추돌,안전운전 의무 불이행,단일로,기타단일로,승용차,승용차,1034922,1931222,127.8928657,37.39146974
2017,2017-03-07 19:00,야간,화,1,1,0,0,0,강원,원주시,차대사람,횡단중,횡단중,안전운전 의무 불이행,단일로,기타단일로,승합차,승합차,1039917,1926600,127.9506895,37.33742317
2017,2017-03-13 11:00,주간,월,1,1,0,0,0,강원,원주시,차대차,기타,기타,중앙선 침범,교차로,교차로내,승용차,승용차,1041732,1926755,127.9711226,37.33887501
2017,2017-05-02 4:00,야간,화,1,2,1,0,0,강원,원주시,차대차,측면충돌,측면충돌,중앙선 침범,단일로,기타단일로,승합차,승합차,1039063,1930179,127.941173,37.3698538
2017,2017-06-13 13:00,주간,화,1,1,0,0,0,강원,원주시,차량단독,전도전복,전도전복,안전운전 의무 불이행,단일로,기타단일로,농기계,농기계,1022397,1911153,127.7733377,37.25338433
2017,2017-06-24 5:00,야간,토,1,3,2,0,0,강원,원주시,차대차,측면충돌,측면충돌,신호위반,교차로,교차로내,화물차,화물차,1039135,1930639,127.9449419,37.37732113
2017,2017-06-29 18:00,야간,목,1,1,0,0,0,강원,원주시,차대사람,횡단중,횡단중,안전운전 의무 불이행,단일로,기타단일로,승용차,승용차,1038959,1930411,127.9400107,37.37194933
2017,2017-07-01 11:00,주간,토,1,1,0,0,0,강원,원주시,차대차,측면충돌,측면충돌,안전운전 의무 불이행,교차로,교차로내,승용차,승용차,1038562,1926384,127.9353174,37.33566804
2017,2017-07-10 19:00,야간,월,1,2,0,1,0,강원,원주시,차대차,측면충돌,측면충돌,안전운전 의무 불이행,단일로,기타단일로,승용차,승용차,1034653,1909602,127.8904091,37.1845522
2017,2017-07-12 2:00,야간,수,1,2,1,0,0,강원,원주시,차대차,기타,기타,안전운전 의무 불이행,단일로,기타단일로,이륜차,이륜차,1039895,1924727,127.9494547,37.3202087
2017,2017-07-19 19:00,야간,수,1,1,0,0,0,강원,원주시,차량단독,전도전복,전도전복,안전운전 의무 불이행,단일로,기타단일로,사륜오토바이(ATV),사륜오토바이(ATV),1029725,1920229,127.8353139,37.28051306
2017,2017-07-29 9:00,주간,토,1,1,0,0,0,강원,원주시,차대사람,기타,기타,안전운전 의무 불이행,단일로,기타단일로,승용차,승용차,1039024,1928316,127.9406344,37.35306308
2017,2017-07-30 14:00,주간,일,1,5,0,2,2,강원,원주시,차대차,측면충돌,측면충돌,안전운전 의무 불이행,교차로,교차로내,승용차,승용차,1038655,1933022,127.9367139,37.39549652
2017,2017-08-01 17:00,주간,화,1,4,0,3,0,강원,원주시,차대차,정면충돌,정면충돌,중앙선 침범,단일로,기타단일로,승용차,승용차,1043262,1927206,127.9884209,37.3428701
2017,2017-08-08 5:00,야간,화,1,1,0,0,0,강원,원주시,차대사람,횡단중,횡단중,안전운전 의무 불이행,교차로,교차로횡단보도내,승용차,승용차,1040253,1927696,127.9544774,37.34742214
2017,2017-08-11 17:00,주간,금,1,1,0,0,0,강원,원주시,차대차,측면충돌,측면충돌,안전운전 의무 불이행,단일로,기타단일로,기타,기타,1051706,1914887,128.0828965,37.23124456
2017,2017-08-25 22:00,야간,금,1,1,0,0,0,강원,원주시,차대차,측면충돌,측면충돌,신호위반,교차로,교차로내,승용차,승용차,1040582,1924369,127.9580098,37.31741945
2017,2017-08-30 4:00,야간,수,1,5,2,2,0,강원,원주시,차대차,측면충돌,측면충돌,신호위반,교차로,교차로내,이륜차,이륜차,1039623,1926032,127.9472756,37.33245056
2017,2017-09-10 9:00,주간,일,1,3,0,1,1,강원,원주시,차대차,정면충돌,정면충돌,교차로 통행방법 위반,교차로,교차로내,승용차,승용차,1039339,1930853,127.9443259,37.37591729
2017,2017-09-20 9:00,주간,수,1,1,0,0,0,강원,원주시,차대차,측면충돌,측면충돌,안전운전 의무 불이행,단일로,기타단일로,승용차,승용차,1038402,1927950,127.9335924,37.34979005
2017,2017-09-21 8:00,주간,목,1,2,1,0,0,강원,원주시,차량단독,전도전복,전도전복,안전운전 의무 불이행,단일로,기타단일로,화물차,화물차,1028259,1937364,127.8194308,37.43500925
2017,2017-09-27 13:00,주간,수,1,1,0,0,0,강원,원주시,차대사람,횡단중,횡단중,보행자 보호의무 위반,단일로,기타단일로,화물차,화물차,1039292,1927989,127.9441636,37.35011499
2017,2017-10-06 0:00,야간,금,1,1,0,0,0,강원,원주시,차량단독,도로이탈,도로이탈 추락,안전운전 의무 불이행,단일로,기타단일로,이륜차,이륜차,1040498,1927514,127.9572336,37.345771
2017,2017-11-02 14:00,주간,목,1,1,0,0,0,강원,원주시,차대사람,기타,기타,안전운전 의무 불이행,단일로,기타단일로,승용차,승용차,1038785,1931573,127.9381065,37.38243042
2017,2017-11-19 7:00,주간,일,1,1,0,0,0,강원,원주시,차량단독,전도전복,전도전복,안전운전 의무 불이행,단일로,기타단일로,화물차,화물차,1057145,1916958,128.1443613,37.24974983
2017,2017-12-02 17:00,주간,토,1,1,0,0,0,강원,원주시,차대차,추돌,추돌,안전운전 의무 불이행,단일로,기타단일로,승용차,승용차,1034142,1908028,127.8845802,37.17038306
2017,2017-12-03 21:00,야간,일,1,1,0,0,0,강원,원주시,차량단독,도로이탈,도로이탈 추락,안전운전 의무 불이행,단일로,기타단일로,화물차,화물차,1026310,1918308,127.7967234,37.26330022
2017,2017-12-11 18:00,야간,월,1,1,0,0,0,강원,원주시,차대사람,횡단중,횡단중,안전운전 의무 불이행,단일로,기타단일로,승용차,승용차,1040329,1927133,127.9553048,37.34234417
2017,2017-12-30 4:00,야간,토,1,1,0,0,0,강원,원주시,차대차,측면충돌,측면충돌,안전운전 의무 불이행,단일로,기타단일로,승용차,승용차,1040182,1926959,127.9530408,37.34057083
2018,2018-10-23 17:10,주,화,1,1,0,0,0,강원,원주시,차대사람,길가장자리구역통행중,길가장자리구역통행중,안전운전 의무 불이행,주차장,주차장,화물차,화물차,1039099,1927001,127.9414118,37.341207
2018,2018-10-27 4:50,야,토,1,2,0,0,1,강원,원주시,차대차,추돌,추돌,안전운전 의무 불이행,단일로,기타단일로,승용차,승용차,1034065,1910159,127.88381,37.1895946
2018,2018-04-14 5:10,야,토,1,1,0,0,0,강원,원주시,차량단독,기타,기타,안전운전 의무 불이행,교차로,교차로부근,이륜차,이륜차,1040642,1927629,127.9588656,37.34680128
2018,2018-03-18 2:10,야,일,2,2,0,0,0,강원,원주시,차대사람,횡단중,횡단중,보행자 보호의무 위반,단일로,기타단일로,승용차,승용차,1030233,1923970,127.8411966,37.31421738
2018,2018-04-28 1:17,야,토,1,1,0,0,0,강원,원주시,차량단독,공작물충돌,공작물충돌,안전운전 의무 불이행,교차로,교차로내,승용차,승용차,1040895,1935358,127.9621493,37.41645592
2018,2018-11-08 21:20,야,목,1,4,0,2,1,강원,원주시,차대차,추돌,추돌,안전운전 의무 불이행,교차로,교차로부근,화물차,화물차,1039766,1926326,127.9489056,37.33509446
2018,2018-02-13 14:00,주,화,1,1,0,0,0,강원,원주시,차량단독,전도,전도,안전운전 의무 불이행,단일로,기타단일로,승용차,승용차,1023579,1909642,127.7656495,37.18525817
2018,2018-07-21 5:00,야,토,1,1,0,0,0,강원,원주시,차량단독,공작물충돌,공작물충돌,안전운전 의무 불이행,단일로,기타단일로,이륜차,이륜차,1038502,1925740,127.9346066,37.32986573
2018,2018-12-20 21:00,야,목,1,2,1,0,0,강원,원주시,차량단독,공작물충돌,공작물충돌,안전운전 의무 불이행,단일로,기타단일로,승용차,승용차,1035312,1916674,127.8981682,37.24827367
2018,2018-11-15 1:25,야,목,1,1,0,0,0,강원,원주시,차대차,추돌,추돌,안전운전 의무 불이행,단일로,기타단일로,승용차,승용차,1038454,1926951,127.9341276,37.34078326
2018,2018-01-12 15:05,주,금,1,1,0,0,0,강원,원주시,차대사람,횡단중,횡단중,안전운전 의무 불이행,교차로,교차로횡단보도내,승용차,승용차,1038589,1928752,127.9357455,37.35701122
2018,2018-06-07 6:03,주,목,1,1,0,0,0,강원,원주시,차대차,정면충돌,정면충돌,중앙선 침범,단일로,기타단일로,승용차,승용차,1039876,1932864,127.9504995,37.39402063
2018,2018-01-09 17:53,주,화,1,1,0,0,0,강원,원주시,차대사람,횡단중,횡단중,과속,단일로,기타단일로,승용차,승용차,1046363,1937744,128.0240902,37.43770419
2018,2018-12-09 21:35,야,일,1,2,0,1,0,강원,원주시,차대차,추돌,추돌,안전운전 의무 불이행,단일로,기타단일로,화물차,화물차,1038819.1,1940163.3,127.9389434,37.45985785
2018,2018-12-01 18:19,야,토,1,2,0,1,0,강원,원주시,차대차,추돌,추돌,안전거리 미확보,단일로,기타단일로,승용차,승용차,1027848,1920495,127.8141506,37.28296883
2018,2018-10-07 19:10,야,일,1,1,0,0,0,강원,원주시,차대사람,차도통행중,차도통행중,안전운전 의무 불이행,단일로,기타단일로,승용차,승용차,1027959,1922873,127.8154923,37.30440043
2018,2018-04-29 20:10,야,일,1,1,0,0,0,강원,원주시,차대사람,횡단중,횡단중,안전운전 의무 불이행,교차로,교차로내,화물차,화물차,1052155,1916183,128.0880431,37.24305712
2018,2018-09-05 16:15,주,수,1,1,0,0,0,강원,원주시,차량단독,공작물충돌,공작물충돌,정비불량 제차의 운전금지위반,단일로,기타단일로,화물차,화물차,1037974.2,1936353.3,127.9291938,37.42555151
2018,2018-02-19 16:00,주,월,1,2,0,1,0,강원,원주시,차대차,정면충돌,정면충돌,중앙선 침범,단일로,기타단일로,승용차,승용차,1058597,1916554,128.1607012,37.24601817
2019,2019-01-06 21,야,일,1,1,0,1,0,강원,원주시,차량단독,공작물충돌,공작물충돌,안전운전 의무 불이행,단일로,기타단일로,승용차,없음,1042457,1934873,127.9797729,37.41201406
2019,2019-01-12 07,주,토,1,2,2,0,0,강원,원주시,차대차,정면충돌,정면충돌,중앙선 침범,단일로,기타단일로,승용차,화물차,1037934,1928867,127.9283553,37.3580748
2019,2019-01-23 16,주,수,1,0,0,0,0,강원,원주시,차대차,측면충돌,측면충돌,교차로 통행방법 위반,단일로,기타단일로,화물차,이륜차,1036469,1929218,127.9118301,37.36129734
2019,2019-01-26 02,야,토,2,1,1,0,0,강원,원주시,차대차,기타,기타,안전운전 의무 불이행,단일로,기타단일로,승용차,승용차,1036472,1929242,127.9118651,37.36151354
2019,2019-02-05 22,야,화,1,0,0,0,0,강원,원주시,차대사람,횡단중,횡단중,안전운전 의무 불이행,단일로,기타단일로,승용차,보행자,1038622,1928644,127.9361125,37.35603637
2019,2019-03-05 14,주,화,1,0,0,0,0,강원,원주시,차대사람,차도통행중,차도통행중,안전운전 의무 불이행,교차로,교차로내,승용차,보행자,1039786,1925980,127.9491128,37.33197488
2019,2019-03-06 04,야,수,1,1,0,1,0,강원,원주시,차량단독,공작물충돌,공작물충돌,안전운전 의무 불이행,단일로,기타단일로,이륜차,없음,1039895,1927795,127.9504408,37.34832994
2019,2019-04-01 14,주,월,1,0,0,0,0,강원,원주시,차량단독,도로이탈,도로이탈 추락,안전운전 의무 불이행,단일로,교량위,건설기계,없음,1047550.6,1918111.2,128.0362543,37.26068365
2019,2019-04-16 21,야,화,1,0,0,0,0,강원,원주시,차대사람,차도통행중,차도통행중,안전운전 의무 불이행,단일로,기타단일로,화물차,보행자,1042126,1923709,127.9753974,37.31140172
2019,2019-04-18 10,주,목,1,0,0,0,0,강원,원주시,차대사람,횡단중,횡단중,안전운전 의무 불이행,교차로,교차로부근,승용차,보행자,1040858,1935097,127.9617168,37.41410502
2019,2019-04-19 18,야,금,1,0,0,0,0,강원,원주시,차대차,측면충돌,측면충돌,안전운전 의무 불이행,교차로,교차로내,이륜차,화물차,1039794,1932058,127.9495297,37.38675922
2019,2019-05-03 07,주,금,1,0,0,0,0,강원,원주시,차량단독,전도,전도,안전운전 의무 불이행,교차로,교차로부근,자전거,없음,1040489.3,1926990.6,127.9571067,37.34105365
2019,2019-05-05 02,야,일,1,0,0,0,0,강원,원주시,차대사람,차도통행중,차도통행중,안전운전 의무 불이행,단일로,기타단일로,승용차,보행자,1038820,1928988,127.9383662,37.35912879
2019,2019-05-17 19,야,금,1,0,0,0,0,강원,원주시,차대사람,횡단중,횡단중,안전운전 의무 불이행,단일로,기타단일로,승용차,보행자,1040768,1929433,127.9603875,37.36305627
2019,2019-06-24 02,야,월,1,0,0,0,0,강원,원주시,차량단독,전복,전복,안전운전 의무 불이행,교차로,교차로내,승용차,없음,1027739,1922998,127.8130145,37.30553374
2019,2019-08-03 18,야,토,1,0,0,0,0,강원,원주시,차대차,정면충돌,정면충돌,중앙선 침범,단일로,기타단일로,사륜오토바이(ATV),화물차,1026488,1919077,127.7987582,37.27022686
2019,2019-08-14 05,야,수,1,2,1,1,0,강원,원주시,차대차,추돌,추돌,안전운전 의무 불이행,단일로,기타단일로,승용차,화물차,1024726,1920309,127.7789258,37.28138047
2019,2019-09-07 15,주,토,1,4,2,2,0,강원,원주시,차대차,측면충돌,측면충돌,중앙선 침범,단일로,기타단일로,승용차,승합차,1034028,1910363,127.8834025,37.19143479
2019,2019-09-19 03,야,목,1,0,0,0,0,강원,원주시,차량단독,공작물충돌,공작물충돌,안전운전 의무 불이행,단일로,기타단일로,이륜차,없음,1039609,1930066,127.9473333,37.3688121
2019,2019-09-21 19,야,토,1,2,0,2,0,강원,원주시,차대사람,횡단중,횡단중,보행자 보호의무 위반,단일로,기타단일로,승합차,보행자,1038980,1928749,127.9401604,37.35696783
2019,2019-09-22 17,주,일,1,0,0,0,0,강원,원주시,차량단독,도로이탈,도로이탈 추락,안전운전 의무 불이행,단일로,기타단일로,화물차,없음,1029760,1929768,127.8360914,37.3664944
2019,2019-10-02 13,주,수,1,0,0,0,0,강원,원주시,차량단독,기타,기타,안전운전 의무 불이행,단일로,기타단일로,화물차,없음,1045835.6,1937160.5,128.0180924,37.43247116
2019,2019-10-15 18,야,화,1,0,0,0,0,강원,원주시,차대사람,횡단중,횡단중,안전운전 의무 불이행,교차로,교차로부근,화물차,보행자,1040405,1934313,127.9565549,37.40705831
2019,2019-10-17 17,주,목,1,0,0,0,0,강원,원주시,차대차,정면충돌,정면충돌,중앙선 침범,단일로,기타단일로,이륜차,화물차,1034467,1908086,127.8882436,37.17089393
2019,2019-10-28 03,야,월,2,4,3,1,0,강원,원주시,차량단독,공작물충돌,공작물충돌,과속,교차로,교차로부근,승용차,없음,1041490,1924389,127.9682583,37.31755961
2019,2019-11-02 05,야,토,1,0,0,0,0,강원,원주시,차대사람,횡단중,횡단중,안전운전 의무 불이행,단일로,기타단일로,화물차,보행자,1039543,1931396,127.946659,37.38080298
2019,2019-11-12 21,야,화,1,3,1,0,2,강원,원주시,차대차,정면충돌,정면충돌,신호위반,교차로,교차로횡단보도내,이륜차,승합차,1037955,1927775,127.9285365,37.34823104
2019,2019-11-15 22,야,금,1,0,0,0,0,강원,원주시,차대사람,보도통행중,보도통행중,안전운전 의무 불이행,교차로,교차로횡단보도내,화물차,보행자,1039608,1931826,127.9474162,37.38467604
2019,2019-12-06 00,야,금,1,0,0,0,0,강원,원주시,차량단독,공작물충돌,공작물충돌,안전운전 의무 불이행,단일로,기타단일로,승용차,없음,1036365,1923052,127.9103532,37.30572301
2019,2019-12-10 16,주,화,1,0,0,0,0,강원,원주시,차대차,정면충돌,정면충돌,중앙선 침범,단일로,기타단일로,승용차,화물차,1043148,1933118,127.9874786,37.39616344
2019,2019-12-19 02,야,목,1,0,0,0,0,강원,원주시,차대차,측면충돌,측면충돌,안전운전 의무 불이행,교차로,교차로내,승용차,화물차,1038326,1929488,127.9328139,37.36365614
2019,2019-12-31 00,야,화,1,1,1,0,0,강원,원주시,차대사람,차도통행중,차도통행중,안전운전 의무 불이행,단일로,기타단일로,승용차,보행자,1031618,1926161,127.8569202,37.33392042
2020,2020-01-12 14,주,일,1,0,0,0,0,강원,원주시,차대사람,횡단중,횡단중,안전운전 의무 불이행,단일로,기타단일로,승용차,보행자,1038982,1928746,127.9401828,37.3569407
2020,2020-01-26 10,주,일,1,0,0,0,0,강원,원주시,차량단독,공작물충돌,공작물충돌,안전운전 의무 불이행,단일로,기타단일로,이륜차,없음,1037716,1928623,127.9258813,37.35588436
2020,2020-02-03 13,주,월,1,1,1,0,0,강원,원주시,차량단독,전도,전도,안전운전 의무 불이행,단일로,기타단일로,이륜차,없음,1038564,1928362,127.9354429,37.35349694
2020,2020-03-12 13,주,목,1,0,0,0,0,강원,원주시,차량단독,공작물충돌,공작물충돌,안전운전 의무 불이행,단일로,기타단일로,사륜오토바이(ATV),없음,1024983,1920543,127.7818328,37.28348285
2020,2020-03-24 00,야,화,1,1,1,0,0,강원,원주시,차대차,추돌,추돌,안전거리 미확보,단일로,기타단일로,화물차,화물차,1023360,1916794,127.7634062,37.24973181
2020,2020-04-21 08,주,화,1,0,0,0,0,강원,원주시,차대사람,횡단중,횡단중,보행자 보호의무 위반,교차로,교차로횡단보도내,승용차,보행자,1039932,1927510,127.9508432,37.34575947
2020,2020-04-28 19,야,화,1,0,0,0,0,강원,원주시,차대사람,횡단중,횡단중,보행자 보호의무 위반,교차로,교차로횡단보도내,승용차,보행자,1039069,1929034,127.9411804,37.35953296
2020,2020-05-15 20,야,금,1,0,0,0,0,강원,원주시,차대사람,횡단중,횡단중,보행자 보호의무 위반,단일로,기타단일로,승합차,보행자,1039587,1931676.1,127.947171,37.3833258
2020,2020-06-01 22,야,월,1,3,1,2,0,강원,원주시,차대차,기타,기타,과속,단일로,기타단일로,승용차,화물차,1037372,1926433,127.9218866,37.33615837
2020,2020-06-16 15,주,화,1,0,0,0,0,강원,원주시,차대사람,횡단중,횡단중,안전운전 의무 불이행,교차로,교차로횡단보도내,승합차,보행자,1040163.2,1926049.7,127.9533743,37.33258689
2020,2020-06-19 23,야,금,1,0,0,0,0,강원,원주시,차대사람,기타,기타,안전운전 의무 불이행,교차로,교차로부근,승용차,보행자,1031043.4,1925844.3,127.8504207,37.33108516
2020,2020-07-01 01,야,수,1,0,0,0,0,강원,원주시,차대사람,차도통행중,차도통행중,과속,단일로,기타단일로,승용차,보행자,1036820,1929201,127.9157928,37.36113024
2020,2020-08-07 12,주,금,1,1,0,1,0,강원,원주시,차대차,측면충돌,측면충돌,중앙선 침범,단일로,기타단일로,승용차,승용차,1034061,1909547.9,127.8837371,37.18408633
2020,2020-08-20 09,주,목,1,0,0,0,0,강원,원주시,차량단독,도로이탈,도로이탈 기타,안전운전 의무 불이행,단일로,기타단일로,건설기계,없음,1034136,1910750,127.884637,37.19491924
2020,2020-09-11 19,야,금,1,0,0,0,0,강원,원주시,차대사람,차도통행중,차도통행중,보행자 보호의무 위반,단일로,기타단일로,승용차,보행자,1043667.8,1921546.3,127.9926691,37.29183675
2020,2020-09-13 14,주,일,1,0,0,0,0,강원,원주시,차대사람,횡단중,횡단중,보행자 보호의무 위반,교차로,교차로횡단보도내,승용차,보행자,1039902,1931577,127.9507237,37.38241905
2020,2020-09-29 18,야,화,1,0,0,0,0,강원,원주시,차대사람,기타,기타,과속,기타,기타,승용차,보행자,1038077,1933645,127.930216,37.4011359
2020,2020-10-30 09,주,금,1,0,0,0,0,강원,원주시,차대차,측면충돌,측면충돌,안전운전 의무 불이행,교차로,교차로횡단보도내,건설기계,자전거,1039263,1925409,127.943179,37.32685034
2020,2020-11-07 14,주,토,1,0,0,0,0,강원,원주시,차량단독,공작물충돌,공작물충돌,안전운전 의무 불이행,단일로,기타단일로,원동기장치자전거,없음,1022357,1913640,127.7520019,37.22132633
2020,2020-11-12 14,주,목,1,3,2,0,1,강원,원주시,차대차,추돌,추돌,안전운전 의무 불이행,단일로,기타단일로,화물차,승합차,1033521,1932591,127.878693,37.39181163
2020,2020-12-02 11,주,수,1,0,0,0,0,강원,원주시,차량단독,전복,전복,안전운전 의무 불이행,단일로,기타단일로,화물차,없음,1034638,1908194,127.8901748,37.17186111
2020,2020-12-18 12,주,금,1,1,1,0,0,강원,원주시,차량단독,공작물충돌,공작물충돌,안전운전 의무 불이행,단일로,기타단일로,화물차,없음,1047393,1918276,128.0344875,37.26217714
2020,2020-12-23 23,야,수,1,0,0,0,0,강원,원주시,차량단독,공작물충돌,공작물충돌,기타,교차로,교차로내,승용차,없음,1040903.4,1935357.9,127.9622443,37.41645464
2021,2021-01-23 14:00,주,토,1,1,0,0,1,강원,원주시,차량단독,도로이탈,도로이탈 기타,안전운전 의무 불이행,단일로,기타단일로,화물차,없음,1026204.7,1914964.4,127.7954182,37.23316421
2021,2021-01-25 9:00,주,월,1,0,0,0,0,강원,원주시,차대차,측면충돌,측면충돌,안전운전 의무 불이행,단일로,기타단일로,승용차,승용차,1048603,1917327,128.048071,37.25356082
2021,2021-03-05 7:00,주,금,1,2,1,1,0,강원,원주시,차대차,정면충돌,정면충돌,중앙선 침범,단일로,기타단일로,승용차,화물차,1044036,1935014,127.9976237,37.4132112
2021,2021-03-21 10:00,주,일,1,0,0,0,0,강원,원주시,차대사람,차도통행중,차도통행중,안전운전 의무 불이행,단일로,기타단일로,승용차,보행자,1039693,1930760,127.9483192,37.37506393
2021,2021-04-02 5:00,야,금,1,1,1,0,0,강원,원주시,차량단독,공작물충돌,공작물충돌,기타,단일로,기타단일로,화물차,없음,1052051,1914471,128.086751,37.22763166
2021,2021-04-11 16:00,주,일,1,0,0,0,0,강원,원주시,차량단독,도로이탈,도로이탈 추락,안전운전 의무 불이행,단일로,기타단일로,자전거,없음,1041783.3,1931260.9,127.971956,37.37948697
2021,2021-05-12 17:00,주,수,1,0,0,0,0,강원,원주시,차량단독,전복,전복,안전운전 의무 불이행,기타,기타,농기계,없음,1023714.2,1916210.8,127.7673815,37.24446592
2021,2021-07-02 2:00,야,금,1,1,1,0,0,강원,원주시,차대차,측면충돌,측면충돌,신호위반,교차로,교차로내,승용차,화물차,1040990,1927048,127.9627624,37.34154906
2021,2021-07-22 13:00,주,목,1,2,2,0,0,강원,원주시,차대차,기타,기타,안전운전 의무 불이행,교차로,교차로내,승용차,승용차,1045176.1,1937120.7,128.0106357,37.43214486
2021,2021-08-03 11:00,주,화,1,0,0,0,0,강원,원주시,차대사람,횡단중,횡단중,보행자 보호의무 위반,교차로,교차로횡단보도내,승합차,보행자,1041264,1924483,127.965713,37.31841696
2021,2021-08-31 14:00,주,화,1,0,0,0,0,강원,원주시,차대사람,횡단중,횡단중,안전운전 의무 불이행,단일로,기타단일로,승용차,보행자,1038040,1927341,127.9294739,37.34431564
2021,2021-09-08 16:00,주,수,1,1,0,1,0,강원,원주시,차량단독,기타,기타,안전운전 의무 불이행,단일로,기타단일로,농기계,없음,1025781.3,1909981.7,127.7904728,37.188262
2021,2021-09-18 17:00,주,토,1,0,0,0,0,강원,원주시,차대사람,차도통행중,차도통행중,안전운전 의무 불이행,단일로,교량위,화물차,보행자,1021854,1911854,127.7462799,37.20523922
2021,2021-09-29 16:00,주,수,1,2,2,0,0,강원,원주시,차대차,기타,기타,중앙선 침범,단일로,기타단일로,화물차,화물차,1049749.2,1916315.7,128.060928,37.24438482
2021,2021-10-25 22:00,야,월,1,0,0,0,0,강원,원주시,차량단독,공작물충돌,공작물충돌,안전운전 의무 불이행,교차로,교차로내,승용차,없음,1040908,1935357,127.9622962,37.41644633
2021,2021-10-26 15:00,주,화,1,0,0,0,0,강원,원주시,차대사람,횡단중,횡단중,보행자 보호의무 위반,교차로,교차로횡단보도내,화물차,보행자,1039703,1926454,127.9482013,37.3362509
2021,2021-11-09 14:00,주,화,1,0,0,0,0,강원,원주시,차량단독,공작물충돌,공작물충돌,안전운전 의무 불이행,단일로,교량위,화물차,없음,1031063.1,1932645.4,127.8509284,37.39238763
2021,2021-11-27 6:00,주,토,1,0,0,0,0,강원,원주시,차대사람,횡단중,횡단중,안전운전 의무 불이행,단일로,기타단일로,화물차,보행자,1041604.8,1930773.3,127.9699124,37.37509999
2021,2021-11-30 19:00,야,화,1,0,0,0,0,강원,원주시,차대차,기타,기타,안전운전 의무 불이행,단일로,기타단일로,승용차,승용차,1044008.1,1925071.1,127.9967172,37.32359192
2021,2021-12-30 14:00,주,목,1,0,0,0,0,강원,원주시,차대사람,횡단중,횡단중,안전운전 의무 불이행,교차로,교차로내,화물차,보행자,1040381,1927730,127.9559244,37.34772304
